song,artist,album,ms,genres
Mi Amor,Matt Hunter,Mi Amor,0,latin pop
Mi Chica Esta Loca (feat. Pitbull),Matt Hunter,Mi Chica Esta Loca (feat. Pitbull),66,latin pop
Te Necesito,Matt Hunter,Te Necesito,0,latin pop
Mi Señorita,Matt Hunter,Mi Señorita,0,latin pop
Mas Que Tu Amigo,Matt Hunter,Mas Que Tu Amigo,0,latin pop
Fiesta,Matt Hunter,Fiesta,188664,latin pop
Mark My Words,Justin Bieber,Purpose,92287,"canadian pop, pop"
Shaky Shaky - Remix,Daddy Yankee,Shaky Shaky,234560,"latin hip hop, reggaeton, trap latino, urbano latino"
No Sense,Justin Bieber,Purpose,24525,"canadian pop, pop"
Company,Justin Bieber,Purpose,2806,"canadian pop, pop"
Purpose,Justin Bieber,Purpose,790,"canadian pop, pop"
Children,Justin Bieber,Purpose,223333,"canadian pop, pop"
Been You,Justin Bieber,Purpose,199226,"canadian pop, pop"
Get Used To It,Justin Bieber,Purpose,40347,"canadian pop, pop"
I'll Show You,Justin Bieber,Purpose,0,"canadian pop, pop"
What Do You Mean?,Justin Bieber,Purpose,118812,"canadian pop, pop"
Sorry,Justin Bieber,Purpose,10536,"canadian pop, pop"
The Feeling,Justin Bieber,Purpose,87874,"canadian pop, pop"
Shaky Shaky,Daddy Yankee,Shaky Shaky,234320,"latin hip hop, reggaeton, trap latino, urbano latino"
We Are,Justin Bieber,Purpose,1036,"canadian pop, pop"
All In It,Justin Bieber,Purpose,116,"canadian pop, pop"
Trust,Justin Bieber,Purpose,171,"canadian pop, pop"
What Do You Mean? - Acoustic,Justin Bieber,Purpose,0,"canadian pop, pop"
Sorry - Latino Remix,Justin Bieber,Sorry,110822,"canadian pop, pop"
Side To Side,Ariana Grande,Dangerous Woman,226160,pop
Love Yourself,Justin Bieber,Purpose,233720,"canadian pop, pop"
Into You,Ariana Grande,Dangerous Woman,244453,pop
No Pressure,Justin Bieber,Purpose,7953,"canadian pop, pop"
La Nueva Y La Ex,Daddy Yankee,King Daddy,125599,"latin hip hop, reggaeton, trap latino, urbano latino"
Life Is Worth Living,Justin Bieber,Purpose,38206,"canadian pop, pop"
Swap It Out,Justin Bieber,Journals,240533,"canadian pop, pop"
Memphis,Justin Bieber,Journals,224080,"canadian pop, pop"
Hold Tight,Justin Bieber,Journals,245244,"canadian pop, pop"
Recovery,Justin Bieber,Journals,188929,"canadian pop, pop"
Bad Day,Justin Bieber,Journals,115862,"canadian pop, pop"
Boyfriend - Acoustic Version,Justin Bieber,Believe Acoustic,187680,"canadian pop, pop"
As Long As You Love Me - Acoustic Version,Justin Bieber,Believe Acoustic,103406,"canadian pop, pop"
Catching Feelings,Justin Bieber,Believe,1203,"canadian pop, pop"
Fall,Justin Bieber,Believe,3189,"canadian pop, pop"
Thought Of You,Justin Bieber,Believe,3412,"canadian pop, pop"
Yellow Raincoat,Justin Bieber,Believe Acoustic,22612,"canadian pop, pop"
Nothing Like Us,Justin Bieber,Believe Acoustic,3075,"canadian pop, pop"
Out Of Town Girl,Justin Bieber,Believe,25150,"canadian pop, pop"
Heartbreaker,Justin Bieber,Journals,262840,"canadian pop, pop"
All That Matters,Justin Bieber,Journals,191173,"canadian pop, pop"
All Bad,Justin Bieber,Journals,182746,"canadian pop, pop"
PYD,Justin Bieber,Journals,317200,"canadian pop, pop"
Roller Coaster,Justin Bieber,Journals,201613,"canadian pop, pop"
Change Me,Justin Bieber,Journals,88352,"canadian pop, pop"
Confident,Justin Bieber,Journals,248133,"canadian pop, pop"
One Life,Justin Bieber,Journals,173146,"canadian pop, pop"
Backpack,Justin Bieber,Journals,7432,"canadian pop, pop"
Beauty And A Beat,Justin Bieber,Believe Acoustic,283009,"canadian pop, pop"
She Don't Like The Lights - Acoustic Version,Justin Bieber,Believe Acoustic,57465,"canadian pop, pop"
Take You - Acoustic Version,Justin Bieber,Believe Acoustic,179373,"canadian pop, pop"
Be Alright - Acoustic Version,Justin Bieber,Believe Acoustic,99471,"canadian pop, pop"
As Long As You Love Me,Justin Bieber,Believe,229466,"canadian pop, pop"
What's Hatnin',Justin Bieber,Journals,208533,"canadian pop, pop"
One Love,Justin Bieber,Believe,18999,"canadian pop, pop"
Take You,Justin Bieber,Believe,36928,"canadian pop, pop"
Believe,Justin Bieber,Believe,346,"canadian pop, pop"
Be Alright,Justin Bieber,Believe,2664,"canadian pop, pop"
She Don't Like The Lights,Justin Bieber,Believe,34,"canadian pop, pop"
Maria,Justin Bieber,Believe,0,"canadian pop, pop"
Fairytale,Justin Bieber,Believe,0,"canadian pop, pop"
Pasarela,Daddy Yankee,Prestige,193626,"latin hip hop, reggaeton, trap latino, urbano latino"
La Rompe Corazones,Daddy Yankee,La Rompe Corazones,179600,"latin hip hop, reggaeton, trap latino, urbano latino"
Gasolina - DJ Buddah Remix,Daddy Yankee,Reggaeton!,282706,"latin hip hop, reggaeton, trap latino, urbano latino"
Otra Cosa,Daddy Yankee,Otra Cosa,78908,"latin hip hop, reggaeton, trap latino, urbano latino"
La Noche De Los Dos,Daddy Yankee,Prestige,576,"latin hip hop, reggaeton, trap latino, urbano latino"
Llegamos A La Disco,Daddy Yankee,Prestige,2824,"latin hip hop, reggaeton, trap latino, urbano latino"
Lovumba,Daddy Yankee,Prestige,218413,"latin hip hop, reggaeton, trap latino, urbano latino"
Ven Conmigo,Daddy Yankee,Prestige,219786,"latin hip hop, reggaeton, trap latino, urbano latino"
La Despedida,Daddy Yankee,Daddy Yankee Mundial,234339,"latin hip hop, reggaeton, trap latino, urbano latino"
Me Enteré,Daddy Yankee,Daddy Yankee Mundial,186946,"latin hip hop, reggaeton, trap latino, urbano latino"
El Más Duro,Daddy Yankee,Daddy Yankee Mundial,79812,"latin hip hop, reggaeton, trap latino, urbano latino"
Suena Boom,Daddy Yankee,King Daddy,12895,"latin hip hop, reggaeton, trap latino, urbano latino"
Descontrol,Daddy Yankee,Daddy Yankee Mundial,93005,"latin hip hop, reggaeton, trap latino, urbano latino"
All Around The World,Justin Bieber,Believe,244546,"canadian pop, pop"
Die In Your Arms,Justin Bieber,Believe,237293,"canadian pop, pop"
I Would,Justin Bieber,Believe Acoustic,227360,"canadian pop, pop"
Fall - Live,Justin Bieber,Believe Acoustic,220973,"canadian pop, pop"
Boyfriend,Justin Bieber,Believe,171333,"canadian pop, pop"
Right Here,Justin Bieber,Believe,204186,"canadian pop, pop"
All Around The World - Acoustic Version,Justin Bieber,Believe Acoustic,156173,"canadian pop, pop"
Soy Peor,Bad Bunny,Soy Peor,257327,"reggaeton, trap latino, urbano latino"
Amor Real,Matt Hunter,Amor Real,56224,latin pop
Look Into The Dust - Original Mix,Matt Hunter,Dusty Tales,12989,latin pop
Soy Peor (Instrumental),Bad Bunny,Soy Peor (Instrumental),6136,"reggaeton, trap latino, urbano latino"
Me Rehúso,Danny Ocean,Me Rehúso,703,"pop venezolano, reggaeton, trap latino, urbano latino"
Déjala Caer,Daddy Yankee,King Daddy,112475,"latin hip hop, reggaeton, trap latino, urbano latino"
They Don't Know,Ariana Grande,TROLLS (Original Motion Picture Soundtrack),197253,pop
Dangerous Woman,Ariana Grande,Dangerous Woman,235946,pop
"Lo Que Paso, Paso",Daddy Yankee,Hip Hop and Reggaeton Revolution,217000,"latin hip hop, reggaeton, trap latino, urbano latino"
One Last Time,Ariana Grande,My Everything,197266,pop
Baby I Won't,Danny Ocean,Baby I Won't,93087,"pop venezolano, reggaeton, trap latino, urbano latino"
Beauty and the Beast,Ariana Grande,Beauty and the Beast,20953,pop
Everyday,Ariana Grande,Dangerous Woman,44453,pop
Brand New You,Ariana Grande,Brand New You,16896,pop
Loco Pero Millonario,Bad Bunny,Loco Pero Millonario,1063,"reggaeton, trap latino, urbano latino"
Blockia,Bad Bunny,Blockia,30641,"reggaeton, trap latino, urbano latino"
Moonlight,Ariana Grande,Dangerous Woman,202360,pop
Be Alright,Ariana Grande,Dangerous Woman,179293,pop
Let Me Love You,Ariana Grande,Dangerous Woman,223853,pop
Greedy,Ariana Grande,Dangerous Woman,214906,pop
Leave Me Lonely,Ariana Grande,Dangerous Woman,229680,pop
Intro,Ariana Grande,My Everything,62635,pop
Problem,Ariana Grande,My Everything,1814,pop
Why Try,Ariana Grande,My Everything,211880,pop
Break Free,Ariana Grande,My Everything,214840,pop
Best Mistake,Ariana Grande,My Everything,233733,pop
Be My Baby,Ariana Grande,My Everything,217053,pop
Break Your Heart Right Back,Ariana Grande,My Everything,253386,pop
Love Me Harder,Ariana Grande,My Everything,236133,pop
Just A Little Bit Of Your Heart,Ariana Grande,My Everything,51604,pop
My Everything,Ariana Grande,My Everything,10471,pop
Sometimes,Ariana Grande,Dangerous Woman,222936,pop
Gasolina,Daddy Yankee,Gasolina,55330,"latin hip hop, reggaeton, trap latino, urbano latino"
Hula Hoop,Daddy Yankee,Hula Hoop,38120,"latin hip hop, reggaeton, trap latino, urbano latino"
Perros Salvajes,Daddy Yankee,Prestige,47461,"latin hip hop, reggaeton, trap latino, urbano latino"
Limbo,Daddy Yankee,Prestige,89307,"latin hip hop, reggaeton, trap latino, urbano latino"
I’m The Boss,Daddy Yankee,King Daddy,5361,"latin hip hop, reggaeton, trap latino, urbano latino"
One Time,Justin Bieber,My World,215866,"canadian pop, pop"
Me Mata,Bad Bunny,Me Mata,162586,"reggaeton, trap latino, urbano latino"
Mistletoe,Justin Bieber,Under The Mistletoe,104803,"canadian pop, pop"
Focus,Ariana Grande,Focus,61838,pop
You Don't Know Me,Ariana Grande,My Everything,798,pop
Only 1,Ariana Grande,My Everything,193986,pop
Somewhere Over The Rainbow - Live From Manchester,Ariana Grande,Somewhere Over The Rainbow,23596,pop
Break Free - Live from One Love Manchester,Ariana Grande,One Love Manchester,216046,pop
Love Me Harder - Live from One Love Manchester,Ariana Grande,One Love Manchester,224150,pop
Honeymoon Avenue,Ariana Grande,Yours Truly,381,pop
Baby I,Ariana Grande,Yours Truly,197600,pop
Right There,Ariana Grande,Yours Truly,247080,pop
Tattooed Heart,Ariana Grande,Yours Truly,194706,pop
Lovin' It,Ariana Grande,Yours Truly,180693,pop
Piano,Ariana Grande,Yours Truly,83004,pop
The Way,Ariana Grande,Yours Truly,258909,pop
You’ll Never Know,Ariana Grande,Yours Truly,148798,pop
I Don't Care,Ariana Grande,Dangerous Woman,1915,pop
Bad Decisions,Ariana Grande,Dangerous Woman,226426,pop
Touch It,Ariana Grande,Dangerous Woman,1544,pop
Knew Better / Forever Boy,Ariana Grande,Dangerous Woman,299213,pop
Thinking Bout You,Ariana Grande,Dangerous Woman,200400,pop
"Lo Que Pasó, Pasó",Daddy Yankee,Barrio Fino (Bonus Track Version),68925,"latin hip hop, reggaeton, trap latino, urbano latino"
Te Vi,Matt Hunter,Te Vi,181066,latin pop
Typical Superiority (Original Mix),Matt Hunter,Dusty Tales,20724,latin pop
Tu No Metes Cabra,Bad Bunny,Tu No Metes Cabra,170765,"reggaeton, trap latino, urbano latino"
A Monster's Tale - Original Mix,Matt Hunter,Dusty Tales,8086,latin pop
Panamera - Remix,Bad Bunny,Panamera (Remix),0,"reggaeton, trap latino, urbano latino"
"Soy Peor Remix (feat. J Balvin, Ozuna & Arcangel)",Bad Bunny,Soy Peor Remix,324827,"reggaeton, trap latino, urbano latino"
Pa Ti,Bad Bunny,Pa Ti,191294,"reggaeton, trap latino, urbano latino"
All I Want For Christmas Is You (SuperFestive!) Duet with Mariah Carey,Justin Bieber,Under The Mistletoe,24315,"canadian pop, pop"
"Lo Que Pasó, Pasó - Remix (Bonus Track)",Daddy Yankee,Barrio Fino (Bonus Track Version),0,"latin hip hop, reggaeton, trap latino, urbano latino"
Friends (with BloodPop®),Justin Bieber,Friends (with BloodPop®),53173,"canadian pop, pop"
Vuelve,Daddy Yankee,Vuelve,111726,"latin hip hop, reggaeton, trap latino, urbano latino"
Palabras Con Sentido (feat. Pinto),Daddy Yankee,Palabras Con Sentido (feat. Pinto),0,"latin hip hop, reggaeton, trap latino, urbano latino"
Sensualidad,Bad Bunny,Sensualidad,131875,"reggaeton, trap latino, urbano latino"
"Tu No Metes Cabra Remix (feat. Daddy Yankee, Anuel AA & Cosculluela)",Bad Bunny,Tu No Metes Cabra Remix,118,"reggaeton, trap latino, urbano latino"
Me Llueven 2,Bad Bunny,Me Llueven 2,64456,"reggaeton, trap latino, urbano latino"
Salgo Pa' la Calle,Daddy Yankee,Talento de Barrio,117913,"latin hip hop, reggaeton, trap latino, urbano latino"
Chambea,Bad Bunny,Chambea,165224,"reggaeton, trap latino, urbano latino"
Me Llueven (Extended Version),Bad Bunny,Me Llueven (Extenden Version),240497,"reggaeton, trap latino, urbano latino"
Talento de Barrio,Daddy Yankee,Talento de Barrio,187340,"latin hip hop, reggaeton, trap latino, urbano latino"
¿Qué Tengo Que Hacer?,Daddy Yankee,Talento de Barrio,218454,"latin hip hop, reggaeton, trap latino, urbano latino"
Brightness To The Dark - Original Mix,Matt Hunter,Dusty Tales,24429,latin pop
Amorfoda,Bad Bunny,Amorfoda,138460,"reggaeton, trap latino, urbano latino"
Dime Si Vas a Volver,Bad Bunny,Dime Si Vas a Volver,61443,"reggaeton, trap latino, urbano latino"
Dura,Daddy Yankee,Dura,84020,"latin hip hop, reggaeton, trap latino, urbano latino"
Oasis de Fantasia,Daddy Yankee,Talento de Barrio,16155,"latin hip hop, reggaeton, trap latino, urbano latino"
Dembow,Danny Ocean,Dembow,215018,"pop venezolano, reggaeton, trap latino, urbano latino"
Vuelve,Danny Ocean,Vuelve,51308,"pop venezolano, reggaeton, trap latino, urbano latino"
no tears left to cry,Ariana Grande,no tears left to cry,205946,pop
Dicen,Matt Hunter,Dicen,220823,latin pop
Dura - Remix,Daddy Yankee,Dura,997,"latin hip hop, reggaeton, trap latino, urbano latino"
Llamado de Emergencia,Daddy Yankee,Talento de Barrio,154573,"latin hip hop, reggaeton, trap latino, urbano latino"
Tu Príncipe,Daddy Yankee,Barrio Fino (Bonus Track Version),202141,"latin hip hop, reggaeton, trap latino, urbano latino"
Mírame,Daddy Yankee,Academia de Baile,1608,"latin hip hop, reggaeton, trap latino, urbano latino"
Favorite Girl,Justin Bieber,My World,9663,"canadian pop, pop"
One Less Lonely Girl,Justin Bieber,My Worlds,151847,"canadian pop, pop"
Sígueme Y Te Sigo,Daddy Yankee,Sígueme Y Te Sigo,6120,"latin hip hop, reggaeton, trap latino, urbano latino"
the light is coming (feat. Nicki Minaj),Ariana Grande,the light is coming,6044,pop
Zum Zum,Daddy Yankee,Zum Zum,29296,"latin hip hop, reggaeton, trap latino, urbano latino"
El Amante,Daddy Yankee,Prestige,220544,"latin hip hop, reggaeton, trap latino, urbano latino"
Pose,Daddy Yankee,Talento de Barrio,217226,"latin hip hop, reggaeton, trap latino, urbano latino"
Dale Caliente,Daddy Yankee,Barrio Fino (Bonus Track Version),195792,"latin hip hop, reggaeton, trap latino, urbano latino"
No Me Dejes Solo,Daddy Yankee,Barrio Fino (Bonus Track Version),170240,"latin hip hop, reggaeton, trap latino, urbano latino"
Donde Hubo Fuego,Daddy Yankee,12 Discipulos,205962,"latin hip hop, reggaeton, trap latino, urbano latino"
Suelta,Daddy Yankee,Talento de Barrio,40562,"latin hip hop, reggaeton, trap latino, urbano latino"
Pasión,Daddy Yankee,Talento de Barrio,1486,"latin hip hop, reggaeton, trap latino, urbano latino"
Estamos Bien,Bad Bunny,Estamos Bien,0,"reggaeton, trap latino, urbano latino"
Epa Wei,Danny Ocean,Epa Wei,104153,"pop venezolano, reggaeton, trap latino, urbano latino"
Dance The Night Away,TWICE,Summer Nights,25384,"k-pop, k-pop girl group, pop"
breathin,Ariana Grande,Sweetener,71400,pop
Baby I Won't - Cean Remix,Danny Ocean,Baby I Won't,5500,"pop venezolano, reggaeton, trap latino, urbano latino"
One Time - Acoustic Version,Justin Bieber,My Worlds - The Collection,6483,"canadian pop, pop"
Down To Earth,Justin Bieber,My Worlds - The Collection,64745,"canadian pop, pop"
Somos de Calle,Daddy Yankee,Talento de Barrio,2072,"latin hip hop, reggaeton, trap latino, urbano latino"
DDU-DU DDU-DU,BLACKPINK,SQUARE UP,6434,"k-pop, k-pop girl group, pop"
Light,Wanna One,1÷x=1 (UNDIVIDED),221200,"k-pop, k-pop boy group"
I PROMISE YOU (I.P.U.),Wanna One,0+1=1 (I PROMISE YOU),146669,"k-pop, k-pop boy group"
Really,BLACKPINK,SQUARE UP,74067,"k-pop, k-pop girl group, pop"
Forever Young,BLACKPINK,SQUARE UP,12711,"k-pop, k-pop girl group, pop"
Wanna,Wanna One,1-1=0 (NOTHING WITHOUT YOU),0,"k-pop, k-pop boy group"
To Be One (Outro.),Wanna One,1-1=0 (NOTHING WITHOUT YOU),1846,"k-pop, k-pop boy group"
Burn It Up,Wanna One,1X1=1(TO BE ONE),0,"k-pop, k-pop boy group"
BOOMERANG,Wanna One,0+1=1 (I PROMISE YOU),0,"k-pop, k-pop boy group"
See U Later,BLACKPINK,SQUARE UP,8854,"k-pop, k-pop girl group, pop"
I PROMISE YOU (Propose Ver.),Wanna One,0+1=1 (I PROMISE YOU),101902,"k-pop, k-pop boy group"
Beautiful,Wanna One,1-1=0 (NOTHING WITHOUT YOU),20194,"k-pop, k-pop boy group"
Twilight,Wanna One,1-1=0 (NOTHING WITHOUT YOU),12780,"k-pop, k-pop boy group"
Lista De Espera,Matt Hunter,Lista De Espera,50170,latin pop
As If It's Your Last,BLACKPINK,As If It's Your Last,213253,"k-pop, k-pop girl group, pop"
MIA (feat. Drake),Bad Bunny,MIA (feat. Drake),252141,"reggaeton, trap latino, urbano latino"
"thank u, next",Ariana Grande,"thank u, next",207333,pop
Energetic,Wanna One,1-1=0 (NOTHING WITHOUT YOU),321529,"k-pop, k-pop boy group"
Energetic (Prequel Remix),Wanna One,1-1=0 (NOTHING WITHOUT YOU),17765,"k-pop, k-pop boy group"
Nothing Without You (Intro.),Wanna One,1-1=0 (NOTHING WITHOUT YOU),83268,"k-pop, k-pop boy group"
Always (Acoustic Ver.),Wanna One,1X1=1(TO BE ONE),53537,"k-pop, k-pop boy group"
Pine Tree,Wanna One,1¹¹=1 (POWER OF DESTINY),13064,"k-pop, k-pop boy group"
Awake!,Wanna One,1¹¹=1 (POWER OF DESTINY),2936,"k-pop, k-pop boy group"
Adictiva,Daddy Yankee,Adictiva,207853,"latin hip hop, reggaeton, trap latino, urbano latino"
불면증 Insomnia,Stray Kids,I am WHO,206426,"k-pop, k-pop boy group, pop"
My Pace,Stray Kids,I am WHO,189325,"k-pop, k-pop boy group, pop"
LIKEY,TWICE,twicetagram,207820,"k-pop, k-pop girl group, pop"
WHISTLE,BLACKPINK,SQUARE ONE,211628,"k-pop, k-pop girl group, pop"
La Romana,Bad Bunny,X 100PRE,56376,"reggaeton, trap latino, urbano latino"
Con Calma,Daddy Yankee,Con Calma,181223,"latin hip hop, reggaeton, trap latino, urbano latino"
Burn It Up (Prequel Remix),Wanna One,1-1=0 (NOTHING WITHOUT YOU),7547,"k-pop, k-pop boy group"
Spring Breeze,Wanna One,1¹¹=1 (POWER OF DESTINY),235868,"k-pop, k-pop boy group"
FANCY,TWICE,FANCY YOU,227264,"k-pop, k-pop girl group, pop"
Kill This Love,BLACKPINK,KILL THIS LOVE,189052,"k-pop, k-pop girl group, pop"
CROWN,TOMORROW X TOGETHER,The Dream Chapter: STAR,230706,"k-pop, k-pop boy group"
MIA,Bad Bunny,X 100PRE,151830,"reggaeton, trap latino, urbano latino"
Don't Know What To Do,BLACKPINK,KILL THIS LOVE,201081,"k-pop, k-pop girl group, pop"
MIROH,Stray Kids,Clé 1 : MIROH,207617,"k-pop, k-pop boy group, pop"
La Vie en Rose,IZ*ONE,COLOR*IZ,218993,"k-pop, k-pop girl group"
GOLD,Wanna One,0+1=1 (I PROMISE YOU),76779,"k-pop, k-pop boy group"
Victory Song,Stray Kids,Clé 1 : MIROH,13445,"k-pop, k-pop boy group, pop"
Get Cool,Stray Kids,I am YOU,194758,"k-pop, k-pop boy group, pop"
I am YOU,Stray Kids,I am YOU,153210,"k-pop, k-pop boy group, pop"
Voices,Stray Kids,I am WHO,2743,"k-pop, k-pop boy group, pop"
District 9,Stray Kids,I am NOT,2648,"k-pop, k-pop boy group, pop"
Hellevator,Stray Kids,Mixtape,240000,"k-pop, k-pop boy group, pop"
Chronosaurus,Stray Kids,Clé 1 : MIROH,119032,"k-pop, k-pop boy group, pop"
Maze of Memories,Stray Kids,Clé 1 : MIROH,1973,"k-pop, k-pop boy group, pop"
Boxer,Stray Kids,Clé 1 : MIROH,200086,"k-pop, k-pop boy group, pop"
19,Stray Kids,Clé 1 : MIROH,205496,"k-pop, k-pop boy group, pop"
극과 극 N/S,Stray Kids,I am YOU,223979,"k-pop, k-pop boy group, pop"
M.I.A.,Stray Kids,I am WHO,138878,"k-pop, k-pop boy group, pop"
갑자기 분위기 싸해질 필요 없잖아요 Awkward Silence,Stray Kids,I am WHO,193747,"k-pop, k-pop boy group, pop"
YOU.,Stray Kids,I am YOU,78831,"k-pop, k-pop boy group, pop"
Question,Stray Kids,I am WHO,117841,"k-pop, k-pop boy group, pop"
어린 날개,Stray Kids,Mixtape,34040,"k-pop, k-pop boy group, pop"
Hide And Seek,Wanna One,1¹¹=1 (POWER OF DESTINY),185435,"k-pop, k-pop boy group"
One Love,Wanna One,1¹¹=1 (POWER OF DESTINY),210559,"k-pop, k-pop boy group"
YES or YES,TWICE,YES or YES,395482,"k-pop, k-pop girl group, pop"
PLAYING WITH FIRE,BLACKPINK,SQUARE TWO,12824,"k-pop, k-pop girl group, pop"
Memory,IZ*ONE,COLOR*IZ,6171,"k-pop, k-pop girl group"
Cazador,Matt Hunter,Cazador,202786,latin pop
O' My!,IZ*ONE,COLOR*IZ,203303,"k-pop, k-pop girl group"
We Together - IZ*ONE Ver.,IZ*ONE,COLOR*IZ,226210,"k-pop, k-pop girl group"
Suki ni Nacchaudarou? - IZ*ONE Ver.,IZ*ONE,COLOR*IZ,220565,"k-pop, k-pop girl group"
Violeta,IZ*ONE,HEART*IZ,6465,"k-pop, k-pop girl group"
Cuando Perriabas,Bad Bunny,X 100PRE,153485,"reggaeton, trap latino, urbano latino"
Like OOH-AHH - Japanese ver.,TWICE,#TWICE,2338,"k-pop, k-pop girl group, pop"
STRAWBERRY,TWICE,FANCY YOU,30865,"k-pop, k-pop girl group, pop"
거북이 TURTLE,TWICE,twicetagram,1122,"k-pop, k-pop girl group, pop"
BOOMBAYAH,BLACKPINK,SQUARE ONE,778,"k-pop, k-pop girl group, pop"
AFTER MOON,TWICE,YES or YES,797,"k-pop, k-pop girl group, pop"
STUCK IN MY HEAD,TWICE,FANCY YOU,176287,"k-pop, k-pop girl group, pop"
GIRLS LIKE US,TWICE,FANCY YOU,158637,"k-pop, k-pop girl group, pop"
HOT,TWICE,FANCY YOU,177819,"k-pop, k-pop girl group, pop"
TURN IT UP,TWICE,FANCY YOU,187247,"k-pop, k-pop girl group, pop"
Like a Fool,TWICE,THE STORY BEGINS,176032,"k-pop, k-pop girl group, pop"
Una Vez Más,Matt Hunter,Una Vez Más,204333,latin pop
Side Effects,Stray Kids,Clé 2 : Yellow Wood,193852,"k-pop, k-pop boy group, pop"
Road Not Taken,Stray Kids,Clé 2 : Yellow Wood,95762,"k-pop, k-pop boy group, pop"
TMT,Stray Kids,Clé 2 : Yellow Wood,63506,"k-pop, k-pop boy group, pop"
Mixtape#1,Stray Kids,Clé 2 : Yellow Wood,252933,"k-pop, k-pop boy group, pop"
Mixtape#2,Stray Kids,Clé 2 : Yellow Wood,291844,"k-pop, k-pop boy group, pop"
Mixtape#3,Stray Kids,Clé 2 : Yellow Wood,257853,"k-pop, k-pop boy group, pop"
Mixtape#4,Stray Kids,Clé 2 : Yellow Wood,120001,"k-pop, k-pop boy group, pop"
Kick It,BLACKPINK,KILL THIS LOVE,14942,"k-pop, k-pop girl group, pop"
Hope Not,BLACKPINK,KILL THIS LOVE,18081,"k-pop, k-pop girl group, pop"
Problemas,Matt Hunter,Problemas,182133,latin pop
Entrance,Stray Kids,Clé 1 : MIROH,42691,"k-pop, k-pop boy group, pop"
Up,IZ*ONE,HEART*IZ,192852,"k-pop, k-pop girl group"
Buenos Aires,IZ*ONE,Buenos Aires,108461,"k-pop, k-pop girl group"
Airplane,IZ*ONE,HEART*IZ,183949,"k-pop, k-pop girl group"
Highlight,IZ*ONE,HEART*IZ,195127,"k-pop, k-pop girl group"
Really Like You,IZ*ONE,HEART*IZ,72109,"k-pop, k-pop girl group"
Tomorrow,IZ*ONE,Buenos Aires,19740,"k-pop, k-pop girl group"
NEKONI NARITAI - Korean ver.,IZ*ONE,HEART*IZ,256745,"k-pop, k-pop girl group"
GOKIGEN SAYONARA - Korean ver.,IZ*ONE,HEART*IZ,260947,"k-pop, k-pop girl group"
Hey. Bae. Like it.,IZ*ONE,HEART*IZ,212675,"k-pop, k-pop girl group"
7 rings,Ariana Grande,"thank u, next",178609,pop
Outro: to STAY,Stray Kids,Clé 2 : Yellow Wood Liners,10399,"k-pop, k-pop boy group, pop"
What was your story or inspiration behind focus track “Side Effects?”,Stray Kids,Clé 2 : Yellow Wood Liners,28232,"k-pop, k-pop boy group, pop"
What is the story behind the name of your album?,Stray Kids,Clé 2 : Yellow Wood Liners,28232,"k-pop, k-pop boy group, pop"
What is your favorite song from this special album?,Stray Kids,Clé 2 : Yellow Wood Liners,26746,"k-pop, k-pop boy group, pop"
"Please share any episodes while filming the music video for ""Side Effects""",Stray Kids,Clé 2 : Yellow Wood Liners,16343,"k-pop, k-pop boy group, pop"
Grrr 총량의 법칙,Stray Kids,Mixtape,189938,"k-pop, k-pop boy group, pop"
잘 하고 있어 Grow Up,Stray Kids,I am NOT,84221,"k-pop, k-pop boy group, pop"
YAYAYA,Stray Kids,Mixtape,201295,"k-pop, k-pop boy group, pop"
Mirror,Stray Kids,I am NOT,220949,"k-pop, k-pop boy group, pop"
GLOW,Stray Kids,Mixtape,204337,"k-pop, k-pop boy group, pop"
편 My Side,Stray Kids,I am YOU,216782,"k-pop, k-pop boy group, pop"
School Life,Stray Kids,Mixtape,216364,"k-pop, k-pop boy group, pop"
0325,Stray Kids,I am YOU,218442,"k-pop, k-pop boy group, pop"
해장국 Hero's Soup,Stray Kids,I am YOU,212464,"k-pop, k-pop boy group, pop"
ROCK (돌) ROCK,Stray Kids,I am NOT,193469,"k-pop, k-pop boy group, pop"
3rd Eye,Stray Kids,I am NOT,243950,"k-pop, k-pop boy group, pop"
Awaken,Stray Kids,I am NOT,193975,"k-pop, k-pop boy group, pop"
WHO?,Stray Kids,I am WHO,104995,"k-pop, k-pop boy group, pop"
4419,Stray Kids,Mixtape,193087,"k-pop, k-pop boy group, pop"
NOT!,Stray Kids,I am NOT,82432,"k-pop, k-pop boy group, pop"
Intro: This Is Clé 2 : Yellow Wood,Stray Kids,Clé 2 : Yellow Wood Liners,16343,"k-pop, k-pop boy group, pop"
Diles,Bad Bunny,Diles,4361,"reggaeton, trap latino, urbano latino"
Cat & Dog,TOMORROW X TOGETHER,The Dream Chapter: STAR,147013,"k-pop, k-pop boy group"
Our Summer,TOMORROW X TOGETHER,The Dream Chapter: STAR,0,"k-pop, k-pop boy group"
Si Estuviésemos Juntos,Bad Bunny,X 100PRE,119081,"reggaeton, trap latino, urbano latino"
DAY BY DAY,Wanna One,0+1=1 (I PROMISE YOU),186067,"k-pop, k-pop boy group"
DDU-DU DDU-DU - Remix,BLACKPINK,KILL THIS LOVE,28359,"k-pop, k-pop girl group, pop"
What is Love?,TWICE,Summer Nights,2490,"k-pop, k-pop girl group, pop"
SIGNAL,TWICE,SIGNAL,196674,"k-pop, k-pop girl group, pop"
TT,TWICE,TWICEcoaster: LANE1,212974,"k-pop, k-pop girl group, pop"
STAY,BLACKPINK,SQUARE TWO,230389,"k-pop, k-pop girl group, pop"
Rompe,Daddy Yankee,Puro Fuego: Urbano,2084,"latin hip hop, reggaeton, trap latino, urbano latino"
Breakthrough,TWICE,Breakthrough,217618,"k-pop, k-pop girl group, pop"
Feel Special,TWICE,Feel Special,206868,"k-pop, k-pop girl group, pop"
RAINBOW,TWICE,Feel Special,177076,"k-pop, k-pop girl group, pop"
GET LOUD,TWICE,Feel Special,27902,"k-pop, k-pop girl group, pop"
9 and Three Quarters (Run Away),TOMORROW X TOGETHER,The Dream Chapter: MAGIC,91781,"k-pop, k-pop boy group"
Fake & True,TWICE,Fake & True,219615,"k-pop, k-pop girl group, pop"
TRICK IT,TWICE,Feel Special,193980,"k-pop, k-pop girl group, pop"
LOVE FOOLISH,TWICE,Feel Special,191228,"k-pop, k-pop girl group, pop"
21:29,TWICE,Feel Special,228903,"k-pop, k-pop girl group, pop"
BREAKTHROUGH - Korean Ver.,TWICE,Feel Special,217650,"k-pop, k-pop girl group, pop"
HAPPY HAPPY,TWICE,HAPPY HAPPY,206937,"k-pop, k-pop girl group, pop"
Can't We Just Leave The Monster Alive?,TOMORROW X TOGETHER,The Dream Chapter: MAGIC,229971,"k-pop, k-pop boy group"
New Rules,TOMORROW X TOGETHER,The Dream Chapter: MAGIC,3243,"k-pop, k-pop boy group"
Roller Coaster,TOMORROW X TOGETHER,The Dream Chapter: MAGIC,214346,"k-pop, k-pop boy group"
KNOCK KNOCK,TWICE,TWICEcoaster : LANE 2,195745,"k-pop, k-pop girl group, pop"
BDZ,TWICE,BDZ,24212,"k-pop, k-pop girl group, pop"
Double Knot,Stray Kids,Double Knot,189771,"k-pop, k-pop boy group, pop"
끝나지 않을 이야기,Stray Kids,Extraordinary You Pt.7 (Original Television Soundtrack),210246,"k-pop, k-pop boy group, pop"
Angel Or Devil,TOMORROW X TOGETHER,The Dream Chapter: MAGIC,168122,"k-pop, k-pop boy group"
BOOMBAYAH - Japanese Version,BLACKPINK,BLACKPINK IN YOUR AREA,0,"k-pop, k-pop girl group, pop"
Blue Orangeade,TOMORROW X TOGETHER,The Dream Chapter: STAR,185520,"k-pop, k-pop boy group"
STOP,Stray Kids,Clé : LEVANTER,7475,"k-pop, k-pop boy group, pop"
Levanter,Stray Kids,Clé : LEVANTER,48872,"k-pop, k-pop boy group, pop"
Booster,Stray Kids,Clé : LEVANTER,0,"k-pop, k-pop boy group, pop"
Astronaut,Stray Kids,Clé : LEVANTER,179008,"k-pop, k-pop boy group, pop"
Sunshine,Stray Kids,Clé : LEVANTER,166981,"k-pop, k-pop boy group, pop"
Nap of a star,TOMORROW X TOGETHER,The Dream Chapter: STAR,131237,"k-pop, k-pop boy group"
Poppin' Star,TOMORROW X TOGETHER,The Dream Chapter: MAGIC,26673,"k-pop, k-pop boy group"
Magic Island,TOMORROW X TOGETHER,The Dream Chapter: MAGIC,11998,"k-pop, k-pop boy group"
20cm,TOMORROW X TOGETHER,The Dream Chapter: MAGIC,396,"k-pop, k-pop boy group"
Yummy,Justin Bieber,Yummy,131343,"canadian pop, pop"
Never Say Never,Justin Bieber,Never Say Never - The Remixes,227835,"canadian pop, pop"
Mixtape : Gone Days,Stray Kids,Mixtape : Gone Days,113091,"k-pop, k-pop boy group, pop"
You Can STAY,Stray Kids,Clé : LEVANTER,208443,"k-pop, k-pop boy group, pop"
DM,Matt Hunter,DM,168146,latin pop
Swing,Danny Ocean,54+1,22665,"pop venezolano, reggaeton, trap latino, urbano latino"
Cuando Me Acerco A Ti,Danny Ocean,54+1,157287,"pop venezolano, reggaeton, trap latino, urbano latino"
Levanter - English,Stray Kids,Step Out of Clé,192471,"k-pop, k-pop boy group, pop"
EYES,IZ*ONE,BLOOM*IZ,121034,"k-pop, k-pop girl group"
FIESTA,IZ*ONE,BLOOM*IZ,286905,"k-pop, k-pop girl group"
OPEN YOUR EYES,IZ*ONE,BLOOM*IZ,0,"k-pop, k-pop girl group"
SOMEDAY,IZ*ONE,BLOOM*IZ,398,"k-pop, k-pop girl group"
PINK BLUSHER,IZ*ONE,BLOOM*IZ,0,"k-pop, k-pop girl group"
DAYDREAM,IZ*ONE,BLOOM*IZ,0,"k-pop, k-pop girl group"
YOU & I,IZ*ONE,BLOOM*IZ,0,"k-pop, k-pop girl group"
DESTINY,IZ*ONE,BLOOM*IZ,0,"k-pop, k-pop girl group"
SPACESHIP,IZ*ONE,BLOOM*IZ,0,"k-pop, k-pop girl group"
SO CURIOUS,IZ*ONE,BLOOM*IZ,0,"k-pop, k-pop girl group"
AYAYAYA,IZ*ONE,BLOOM*IZ,1806,"k-pop, k-pop girl group"
DREAMLIKE,IZ*ONE,BLOOM*IZ,437,"k-pop, k-pop girl group"
FANCY - Japanese ver.,TWICE,Breakthrough,0,"k-pop, k-pop girl group, pop"
Dime tú,Danny Ocean,Dime tú,204111,"pop venezolano, reggaeton, trap latino, urbano latino"
Que Tire Pa Lante,Daddy Yankee,Que Tire Pa Lante,173725,"latin hip hop, reggaeton, trap latino, urbano latino"
God is a woman,Ariana Grande,Sweetener,197546,pop
que lo que,Danny Ocean,que lo que,124448,"pop venezolano, reggaeton, trap latino, urbano latino"
Veneno,Danny Ocean,54+1,222495,"pop venezolano, reggaeton, trap latino, urbano latino"
Muérdago - Commentary,Danny Ocean,54+1,23585,"pop venezolano, reggaeton, trap latino, urbano latino"
Tuyo Mía,Danny Ocean,54+1,16597,"pop venezolano, reggaeton, trap latino, urbano latino"
Wake Me Up,TWICE,BDZ,2993,"k-pop, k-pop girl group, pop"
I WANT YOU BACK,TWICE,BDZ,203815,"k-pop, k-pop girl group, pop"
What is Love,TWICE,Summer Nights,208237,"k-pop, k-pop girl group, pop"
SWING,TWICE,&TWICE,1316,"k-pop, k-pop girl group, pop"
SAY YOU LOVE ME,TWICE,YES or YES,19822,"k-pop, k-pop girl group, pop"
1 To 10,TWICE,Twicecoaster: Lane 1,23771,"k-pop, k-pop girl group, pop"
<3,Bad Bunny,YHLQMDLG,157967,"reggaeton, trap latino, urbano latino"
Si Veo a Tu Mamá,Bad Bunny,YHLQMDLG,19275,"reggaeton, trap latino, urbano latino"
Callaita,Bad Bunny,Callaita,198303,"reggaeton, trap latino, urbano latino"
goodnight n go,Ariana Grande,Sweetener,35170,pop
Intentions,Justin Bieber,Intentions,212868,"canadian pop, pop"
boyfriend (with Social House),Ariana Grande,boyfriend,186086,pop
Vete,Bad Bunny,YHLQMDLG,77880,"reggaeton, trap latino, urbano latino"
Bad To You (with Normani & Nicki Minaj),Ariana Grande,Charlie's Angels,3866,pop
needy,Ariana Grande,"thank u, next",6038,pop
NASA,Ariana Grande,"thank u, next",1811,pop
imagine,Ariana Grande,"thank u, next",212266,pop
MONOPOLY (with Victoria Monét),Ariana Grande,MONOPOLY,11418,pop
bad idea,Ariana Grande,"thank u, next",4421,pop
bloodline,Ariana Grande,"thank u, next",9418,pop
in my head,Ariana Grande,"thank u, next",74483,pop
fake smile,Ariana Grande,"thank u, next",906,pop
sweetener,Ariana Grande,Sweetener,2568,pop
everytime,Ariana Grande,Sweetener,6446,pop
ghostin,Ariana Grande,"thank u, next",94193,pop
raindrops (an angel cried),Ariana Grande,Sweetener,37640,pop
"break up with your girlfriend, i'm bored",Ariana Grande,"thank u, next",9527,pop
Don’t Call Me Angel (Charlie’s Angels) (with Miley Cyrus & Lana Del Rey),Ariana Grande,Charlie's Angels,4890,pop
R.E.M,Ariana Grande,Sweetener,1678,pop
Almost Is Never Enough,Ariana Grande,Yours Truly,1250,pop
make up,Ariana Grande,"thank u, next",4324,pop
successful,Ariana Grande,Sweetener,20712,pop
Safaera,Bad Bunny,YHLQMDLG,288792,"reggaeton, trap latino, urbano latino"
Báilame,Danny Ocean,54+1,46280,"pop venezolano, reggaeton, trap latino, urbano latino"
Dembow - Commentary,Danny Ocean,54+1,54000,"pop venezolano, reggaeton, trap latino, urbano latino"
Tel Aviv,Danny Ocean,54+1,215368,"pop venezolano, reggaeton, trap latino, urbano latino"
Vuelve - Commentary,Danny Ocean,54+1,93995,"pop venezolano, reggaeton, trap latino, urbano latino"
Babylon Girl,Danny Ocean,54+1,162666,"pop venezolano, reggaeton, trap latino, urbano latino"
Tel Aviv - Commentary,Danny Ocean,54+1,71983,"pop venezolano, reggaeton, trap latino, urbano latino"
Swing - Commentary,Danny Ocean,54+1,80000,"pop venezolano, reggaeton, trap latino, urbano latino"
Babylon Girl - Commentary,Danny Ocean,54+1,108000,"pop venezolano, reggaeton, trap latino, urbano latino"
Lovesick Girls,BLACKPINK,THE ALBUM,115020,"k-pop, k-pop girl group, pop"
Crazy Over You,BLACKPINK,THE ALBUM,28040,"k-pop, k-pop girl group, pop"
Love To Hate Me,BLACKPINK,THE ALBUM,169800,"k-pop, k-pop girl group, pop"
You Never Know,BLACKPINK,THE ALBUM,137343,"k-pop, k-pop girl group, pop"
God’s Menu,Stray Kids,GO LIVE,167922,"k-pop, k-pop boy group, pop"
Back Door,Stray Kids,IN LIFE,189286,"k-pop, k-pop boy group, pop"
Can't You See Me?,TOMORROW X TOGETHER,The Dream Chapter: ETERNITY,201445,"k-pop, k-pop boy group"
MORE & MORE,TWICE,MORE & MORE,199653,"k-pop, k-pop girl group, pop"
GO LIVE,Stray Kids,GO LIVE,6762,"k-pop, k-pop boy group, pop"
Phobia,Stray Kids,GO LIVE,212618,"k-pop, k-pop boy group, pop"
Hello Stranger,Stray Kids,POP OUT BOY! Part.1,239653,"k-pop, k-pop boy group, pop"
How You Like That,BLACKPINK,THE ALBUM,42947,"k-pop, k-pop girl group, pop"
Bet You Wanna (feat. Cardi B),BLACKPINK,THE ALBUM,256,"k-pop, k-pop girl group, pop"
Ice Cream (with Selena Gomez),BLACKPINK,THE ALBUM,175813,"k-pop, k-pop girl group, pop"
Pretty Savage,BLACKPINK,THE ALBUM,175138,"k-pop, k-pop girl group, pop"
Blueprint,Stray Kids,GO LIVE,251300,"k-pop, k-pop boy group, pop"
Airplane,Stray Kids,GO LIVE,214726,"k-pop, k-pop boy group, pop"
Awkward Silence,Stray Kids,SKZ2020,195320,"k-pop, k-pop boy group, pop"
TA,Stray Kids,GO LIVE,229011,"k-pop, k-pop boy group, pop"
I CAN'T STOP ME,TWICE,Eyes Wide Open,0,"k-pop, k-pop girl group, pop"
Ignorantes,Bad Bunny,YHLQMDLG,35990,"reggaeton, trap latino, urbano latino"
A Tu Merced,Bad Bunny,YHLQMDLG,175918,"reggaeton, trap latino, urbano latino"
Una Vez,Bad Bunny,YHLQMDLG,49235,"reggaeton, trap latino, urbano latino"
La Difícil,Bad Bunny,YHLQMDLG,79115,"reggaeton, trap latino, urbano latino"
Ghosting,TOMORROW X TOGETHER,minisode1 : Blue Hour,83,"k-pop, k-pop boy group"
Blue Hour,TOMORROW X TOGETHER,minisode1 : Blue Hour,209105,"k-pop, k-pop boy group"
We Lost The Summer,TOMORROW X TOGETHER,minisode1 : Blue Hour,15054,"k-pop, k-pop boy group"
Wishlist,TOMORROW X TOGETHER,minisode1 : Blue Hour,13603,"k-pop, k-pop boy group"
Pero Ya No,Bad Bunny,YHLQMDLG,160637,"reggaeton, trap latino, urbano latino"
La Santa,Bad Bunny,YHLQMDLG,206420,"reggaeton, trap latino, urbano latino"
Yo Perreo Sola,Bad Bunny,YHLQMDLG,172127,"reggaeton, trap latino, urbano latino"
Bichiyal,Bad Bunny,YHLQMDLG,94915,"reggaeton, trap latino, urbano latino"
Way Home,TOMORROW X TOGETHER,minisode1 : Blue Hour,0,"k-pop, k-pop boy group"
ALL IN,Stray Kids,ALL IN,187186,"k-pop, k-pop boy group, pop"
FAM,Stray Kids,ALL IN,113843,"k-pop, k-pop boy group, pop"
Any,Stray Kids,IN LIFE,169140,"k-pop, k-pop boy group, pop"
Haven,Stray Kids,IN LIFE,8851,"k-pop, k-pop boy group, pop"
B Me,Stray Kids,IN LIFE,205102,"k-pop, k-pop boy group, pop"
Ex,Stray Kids,IN LIFE,217225,"k-pop, k-pop boy group, pop"
"We Go (Bang Chan, Changbin, HAN)",Stray Kids,IN LIFE,28184,"k-pop, k-pop boy group, pop"
Easy,Stray Kids,GO LIVE,183134,"k-pop, k-pop boy group, pop"
Pacemaker,Stray Kids,GO LIVE,190602,"k-pop, k-pop boy group, pop"
Another Day,Stray Kids,GO LIVE,166968,"k-pop, k-pop boy group, pop"
"Wow (Lee Know, Hyunjin, Felix)",Stray Kids,IN LIFE,2720,"k-pop, k-pop boy group, pop"
"My Universe (Seungmin, I.N Feat. Changbin)",Stray Kids,IN LIFE,4882,"k-pop, k-pop boy group, pop"
"TOP (""Tower of God"" OP)",Stray Kids,GO LIVE,185552,"k-pop, k-pop boy group, pop"
"SLUMP (""Tower of God"" ED)",Stray Kids,GO LIVE,26888,"k-pop, k-pop boy group, pop"
The Tortoise and the Hare,Stray Kids,IN LIFE,224365,"k-pop, k-pop boy group, pop"
Spread My Wings,Stray Kids,SKZ2020,202120,"k-pop, k-pop boy group, pop"
Hello Stranger (inst.),Stray Kids,POP OUT BOY! Part.1,24780,"k-pop, k-pop boy group, pop"
One Day,Stray Kids,ALL IN,32733,"k-pop, k-pop boy group, pop"
神メニュー -Japanese ver.-,Stray Kids,ALL IN,13240,"k-pop, k-pop boy group, pop"
Back Door -Japanese ver.-,Stray Kids,ALL IN,191360,"k-pop, k-pop boy group, pop"
TOP -Japanese ver.-,Stray Kids,ALL IN,188826,"k-pop, k-pop boy group, pop"
SLUMP -Japanese ver.-,Stray Kids,ALL IN,136116,"k-pop, k-pop boy group, pop"
Mixtape : On Track,Stray Kids,GO LIVE,208143,"k-pop, k-pop boy group, pop"
DÁKITI,Bad Bunny,DÁKITI,205080,"reggaeton, trap latino, urbano latino"
Don Don,Daddy Yankee,Don Don,9057,"latin hip hop, reggaeton, trap latino, urbano latino"
Beware,IZ*ONE,Twelve,37482,"k-pop, k-pop girl group"
Pretty,IZ*ONE,Oneiric Diary,199933,"k-pop, k-pop girl group"
Merry-Go-Round,IZ*ONE,Oneiric Diary,177726,"k-pop, k-pop girl group"
BETTER,TWICE,BETTER,225396,"k-pop, k-pop girl group, pop"
ANTES QUE SE ACABE,Bad Bunny,EL ÚLTIMO TOUR DEL MUNDO,26747,"reggaeton, trap latino, urbano latino"
TE MUDASTE,Bad Bunny,EL ÚLTIMO TOUR DEL MUNDO,4266,"reggaeton, trap latino, urbano latino"
HOY COBRÉ,Bad Bunny,EL ÚLTIMO TOUR DEL MUNDO,2374,"reggaeton, trap latino, urbano latino"
Panorama,IZ*ONE,One-reeler / Act IV,222853,"k-pop, k-pop girl group"
Secret Story of the Swan,IZ*ONE,Oneiric Diary,71725,"k-pop, k-pop girl group"
Mise-en-Scène,IZ*ONE,One-reeler / Act IV,199832,"k-pop, k-pop girl group"
Island,IZ*ONE,One-reeler / Act IV,85966,"k-pop, k-pop girl group"
Sequence,IZ*ONE,One-reeler / Act IV,190866,"k-pop, k-pop girl group"
O Sole Mio,IZ*ONE,One-reeler / Act IV,210320,"k-pop, k-pop girl group"
Slow Journey,IZ*ONE,One-reeler / Act IV,199135,"k-pop, k-pop girl group"
ALL IN (Korean Ver.),Stray Kids,ALL IN (Korean Ver.),141706,"k-pop, k-pop boy group, pop"
Fairy of Shampoo,TOMORROW X TOGETHER,The Dream Chapter: ETERNITY,7362,"k-pop, k-pop boy group"
With*One,IZ*ONE,Oneiric Diary,68478,"k-pop, k-pop girl group"
CRY FOR ME,TWICE,CRY FOR ME,204151,"k-pop, k-pop girl group, pop"
HELL IN HEAVEN,TWICE,Eyes Wide Open,82113,"k-pop, k-pop girl group, pop"
OXYGEN,TWICE,MORE & MORE,27913,"k-pop, k-pop girl group, pop"
Colors,IZ*ONE,COLOR*IZ,161536,"k-pop, k-pop girl group"
Yume wo Miteiru Aida - IZ*ONE Ver.,IZ*ONE,COLOR*IZ,8573,"k-pop, k-pop girl group"
D-D-DANCE,IZ*ONE,D-D-DANCE,180147,"k-pop, k-pop girl group"
Rococo,IZ*ONE,Oneiric Diary,374055,"k-pop, k-pop girl group"
Yummy Summer,IZ*ONE,Twelve,18949,"k-pop, k-pop girl group"
Welcome,IZ*ONE,Oneiric Diary,85125,"k-pop, k-pop girl group"
Love Bubble,IZ*ONE,Vampire,197786,"k-pop, k-pop girl group"
LA NOCHE DE ANOCHE,Bad Bunny,EL ÚLTIMO TOUR DEL MUNDO,0,"reggaeton, trap latino, urbano latino"
Secret Story of the Swan - Japanese Version,IZ*ONE,Oneiric Diary,18293,"k-pop, k-pop girl group"
Merry-Go-Round - Japanese Version,IZ*ONE,Oneiric Diary,13978,"k-pop, k-pop girl group"
I CAN'T STOP ME (English Version),TWICE,I CAN'T STOP ME (English Version),205403,"k-pop, k-pop girl group, pop"
DDU-DU DDU-DU - Live,BLACKPINK,BLACKPINK 2018 TOUR 'IN YOUR AREA' SEOUL,210268,"k-pop, k-pop girl group, pop"
Forever Young - Live,BLACKPINK,BLACKPINK 2018 TOUR 'IN YOUR AREA' SEOUL,257417,"k-pop, k-pop girl group, pop"
STAY (Remix Version) - Live,BLACKPINK,BLACKPINK 2018 TOUR 'IN YOUR AREA' SEOUL,222959,"k-pop, k-pop girl group, pop"
WHISTLE - Live,BLACKPINK,BLACKPINK 2018 TOUR 'IN YOUR AREA' SEOUL,17176,"k-pop, k-pop girl group, pop"
As If It's Your Last - Live,BLACKPINK,BLACKPINK 2018 TOUR 'IN YOUR AREA' SEOUL,223438,"k-pop, k-pop girl group, pop"
WHISTLE (Remix Version) - Live,BLACKPINK,BLACKPINK 2018 TOUR 'IN YOUR AREA' SEOUL,194341,"k-pop, k-pop girl group, pop"
DDU DDU-DU (Remix Version) - Live,BLACKPINK,BLACKPINK 2018 TOUR 'IN YOUR AREA' SEOUL,3451,"k-pop, k-pop girl group, pop"
SOLO - Live,BLACKPINK,BLACKPINK 2018 TOUR 'IN YOUR AREA' SEOUL,83127,"k-pop, k-pop girl group, pop"
AS IF IT’S YOUR LAST - Japanese Version,BLACKPINK,BLACKPINK IN YOUR AREA,43530,"k-pop, k-pop girl group, pop"
BEWARE,Stray Kids,SKZ2020,190637,"k-pop, k-pop boy group, pop"
Grow Up,Stray Kids,SKZ2020,213021,"k-pop, k-pop boy group, pop"
One More Time,TWICE,One More Time,8866,"k-pop, k-pop girl group, pop"
Eye Eye Eyes,TWICE,SIGNAL,31614,"k-pop, k-pop girl group, pop"
Likey,TWICE,Twicetagram,207813,"k-pop, k-pop girl group, pop"
Heart Shaker,TWICE,Merry & Happy,226231,"k-pop, k-pop girl group, pop"
Signal,TWICE,SIGNAL,196674,"k-pop, k-pop girl group, pop"
Like Ooh-Ahh,TWICE,The Story Begins,215064,"k-pop, k-pop girl group, pop"
CHEER UP,TWICE,Page Two,208841,"k-pop, k-pop girl group, pop"
Knock Knock,TWICE,Twicecoaster: Lane 2,68164,"k-pop, k-pop girl group, pop"
DDU-DU DDU-DU - Japanese Version,BLACKPINK,BLACKPINK IN YOUR AREA,41280,"k-pop, k-pop girl group, pop"
Drama - Japanese Ver.,TOMORROW X TOGETHER,STILL DREAMING,211720,"k-pop, k-pop boy group"
SLUMP - English Version,Stray Kids,TOP,1254,"k-pop, k-pop boy group, pop"
Kizombita Para Ti,Danny Ocean,54+1,146227,"pop venezolano, reggaeton, trap latino, urbano latino"
Kura Kura,TWICE,Kura Kura,353684,"k-pop, k-pop girl group, pop"
UP NO MORE,TWICE,Eyes Wide Open,214228,"k-pop, k-pop girl group, pop"
DO WHAT WE LIKE,TWICE,Eyes Wide Open,72437,"k-pop, k-pop girl group, pop"
BRING IT BACK,TWICE,Eyes Wide Open,11875,"k-pop, k-pop girl group, pop"
FIREWORK,TWICE,MORE & MORE,193466,"k-pop, k-pop girl group, pop"
MAKE ME GO,TWICE,MORE & MORE,186689,"k-pop, k-pop girl group, pop"
SHADOW,TWICE,MORE & MORE,168893,"k-pop, k-pop girl group, pop"
DON’T CALL ME AGAIN,TWICE,MORE & MORE,30915,"k-pop, k-pop girl group, pop"
SWEET SUMMER DAY,TWICE,MORE & MORE,191984,"k-pop, k-pop girl group, pop"
BELIEVER,TWICE,Eyes Wide Open,196946,"k-pop, k-pop girl group, pop"
QUEEN,TWICE,Eyes Wide Open,193573,"k-pop, k-pop girl group, pop"
GO HARD,TWICE,Eyes Wide Open,181520,"k-pop, k-pop girl group, pop"
SHOT CLOCK,TWICE,Eyes Wide Open,209480,"k-pop, k-pop girl group, pop"
HANDLE IT,TWICE,Eyes Wide Open,6000,"k-pop, k-pop girl group, pop"
DEPEND ON YOU,TWICE,Eyes Wide Open,198866,"k-pop, k-pop girl group, pop"
SAY SOMETHING,TWICE,Eyes Wide Open,147630,"k-pop, k-pop girl group, pop"
BEHIND THE MASK,TWICE,Eyes Wide Open,570,"k-pop, k-pop girl group, pop"
Strawberry Moon,TWICE,Kura Kura,0,"k-pop, k-pop girl group, pop"
Fanfare,TWICE,Fanfare,0,"k-pop, k-pop girl group, pop"
STUCK IN MY HEAD - Japanese ver.,TWICE,STUCK IN MY HEAD,4350,"k-pop, k-pop girl group, pop"
YO VISTO ASÍ,Bad Bunny,EL ÚLTIMO TOUR DEL MUNDO,15893,"reggaeton, trap latino, urbano latino"
pov,Ariana Grande,Positions,0,pop
34+35,Ariana Grande,Positions,0,pop
WOLFGANG,Stray Kids,KINGDOM <FINAL : WHO IS THE KING?>,190683,"k-pop, k-pop boy group, pop"
Alcohol-Free,TWICE,Alcohol-Free,210573,"k-pop, k-pop girl group, pop"
Anti-Romantic,TOMORROW X TOGETHER,The Chaos Chapter: FREEZE,130368,"k-pop, k-pop boy group"
0X1=LOVESONG (I Know I Love You) feat. Seori,TOMORROW X TOGETHER,The Chaos Chapter: FREEZE,202200,"k-pop, k-pop boy group"
Magic,TOMORROW X TOGETHER,The Chaos Chapter: FREEZE,159749,"k-pop, k-pop boy group"
No Rules,TOMORROW X TOGETHER,The Chaos Chapter: FREEZE,10692,"k-pop, k-pop boy group"
Kill This Love - Live,BLACKPINK,BLACKPINK 2021 'THE SHOW' LIVE,1970,"k-pop, k-pop girl group, pop"
Crazy Over You - Live,BLACKPINK,BLACKPINK 2021 'THE SHOW' LIVE,15660,"k-pop, k-pop girl group, pop"
Pretty Savage - Live,BLACKPINK,BLACKPINK 2021 'THE SHOW' LIVE,202010,"k-pop, k-pop girl group, pop"
BOOMBAYAH - Live,BLACKPINK,BLACKPINK 2021 'THE SHOW' LIVE,221018,"k-pop, k-pop girl group, pop"
Love To Hate Me + You Never Know - Live,BLACKPINK,BLACKPINK 2021 'THE SHOW' LIVE,148570,"k-pop, k-pop girl group, pop"
Candy Pop,TWICE,BDZ,202010,"k-pop, k-pop girl group, pop"
Conversation,TWICE,Taste of Love,24248,"k-pop, k-pop girl group, pop"
Vampire,IZ*ONE,Twelve,57321,"k-pop, k-pop girl group"
好きと言わせたい,IZ*ONE,Twelve,1030,"k-pop, k-pop girl group"
Waiting,IZ*ONE,Twelve,490,"k-pop, k-pop girl group"
好きになっちゃうだろう? - IZ*ONE Ver.,IZ*ONE,Twelve,130,"k-pop, k-pop girl group"
La Vie en Rose - Japanese Ver.,IZ*ONE,Twelve,0,"k-pop, k-pop girl group"
FIESTA - Japanese Ver.,IZ*ONE,Twelve,0,"k-pop, k-pop girl group"
Violeta - Japanese Ver.,IZ*ONE,Twelve,0,"k-pop, k-pop girl group"
どうすればいい?,IZ*ONE,Twelve,0,"k-pop, k-pop girl group"
夢を見ている間 - Japanese Ver. / IZ*ONE Ver.,IZ*ONE,Twelve,0,"k-pop, k-pop girl group"
Shy boy,IZ*ONE,Twelve,0,"k-pop, k-pop girl group"
君以外,IZ*ONE,Vampire,1690,"k-pop, k-pop girl group"
紫外線なんかぶっとばせ,IZ*ONE,Vampire,27683,"k-pop, k-pop girl group"
不機嫌Lucy,IZ*ONE,Vampire,12200,"k-pop, k-pop girl group"
Target,IZ*ONE,Buenos Aires,0,"k-pop, k-pop girl group"
年下Boyfriend,IZ*ONE,Buenos Aires,0,"k-pop, k-pop girl group"
Human Love,IZ*ONE,Buenos Aires,0,"k-pop, k-pop girl group"
Scandal,TWICE,Taste of Love,153106,"k-pop, k-pop girl group, pop"
PLAYING WITH FIRE - Japanese Version,BLACKPINK,BLACKPINK IN YOUR AREA,60764,"k-pop, k-pop girl group, pop"
No Es Culpa Mía - Bonus Track,Daddy Yankee,Talento de Barrio,107556,"latin hip hop, reggaeton, trap latino, urbano latino"
Algo de Ti,Young Cister,Algo de Ti,1331,"trap chileno, urbano chileno"
Mixtape : OH,Stray Kids,Mixtape : OH,147917,"k-pop, k-pop boy group, pop"
Ice Cream,TOMORROW X TOGETHER,The Chaos Chapter: FREEZE,12020,"k-pop, k-pop boy group"
What if I had been that PUMA,TOMORROW X TOGETHER,The Chaos Chapter: FREEZE,672,"k-pop, k-pop boy group"
Dear Sputnik,TOMORROW X TOGETHER,The Chaos Chapter: FREEZE,620,"k-pop, k-pop boy group"
Frost,TOMORROW X TOGETHER,The Chaos Chapter: FREEZE,879,"k-pop, k-pop boy group"
永遠に光れ (Everlasting Shine),TOMORROW X TOGETHER,DRAMA,204,"k-pop, k-pop boy group"
Drama,TOMORROW X TOGETHER,The Dream Chapter: ETERNITY,85531,"k-pop, k-pop boy group"
Maze in the Mirror,TOMORROW X TOGETHER,The Dream Chapter: ETERNITY,1281,"k-pop, k-pop boy group"
PUMA,TOMORROW X TOGETHER,The Dream Chapter: ETERNITY,155877,"k-pop, k-pop boy group"
Eternally,TOMORROW X TOGETHER,The Dream Chapter: ETERNITY,1041,"k-pop, k-pop boy group"
Can't We Just Leave the Monster Alive?,TOMORROW X TOGETHER,The Dream Chapter: MAGIC,755,"k-pop, k-pop boy group"
"0X1=LOVESONG (I Know I Love You) feat. pH-1, Woodie Gochild, Seori",TOMORROW X TOGETHER,"0X1=LOVESONG (I Know I Love You) feat. pH-1, Woodie Gochild, Seori",150206,"k-pop, k-pop boy group"
SIN TI,Young Cister,SIN TI,0,"trap chileno, urbano chileno"
Lovesick Girls - Live,BLACKPINK,BLACKPINK 2021 'THE SHOW' LIVE,193005,"k-pop, k-pop girl group, pop"
How You Like That - Live,BLACKPINK,BLACKPINK 2021 'THE SHOW' LIVE,8361,"k-pop, k-pop girl group, pop"
To Be One (Intro.),Wanna One,1X1=1(TO BE ONE),1702,"k-pop, k-pop boy group"
Hablamos Mañana,Bad Bunny,YHLQMDLG,28175,"reggaeton, trap latino, urbano latino"
Definitivamente,Daddy Yankee,Definitivamente,217758,"latin hip hop, reggaeton, trap latino, urbano latino"
Muérdago,Danny Ocean,54+1,53860,"pop venezolano, reggaeton, trap latino, urbano latino"
Double Knot -Japanese ver.-,Stray Kids,Double Knot -Japanese ver.-,10270,"k-pop, k-pop boy group, pop"
Soliá,Bad Bunny,YHLQMDLG,159282,"reggaeton, trap latino, urbano latino"
La Zona,Bad Bunny,YHLQMDLG,136892,"reggaeton, trap latino, urbano latino"
Que Malo,Bad Bunny,YHLQMDLG,167974,"reggaeton, trap latino, urbano latino"
25/8,Bad Bunny,YHLQMDLG,149787,"reggaeton, trap latino, urbano latino"
Está Cabrón Ser Yo,Bad Bunny,YHLQMDLG,360,"reggaeton, trap latino, urbano latino"
P FKN R,Bad Bunny,YHLQMDLG,0,"reggaeton, trap latino, urbano latino"
Puesto Pa' Guerrial,Bad Bunny,YHLQMDLG,0,"reggaeton, trap latino, urbano latino"
BREAKTHROUGH - Korean Version,TWICE,Feel Special,2280,"k-pop, k-pop girl group, pop"
The Best Thing I Ever Did,TWICE,"The year of ""YES""",2010,"k-pop, k-pop girl group, pop"
Be as ONE,TWICE,"The year of ""YES""",860,"k-pop, k-pop girl group, pop"
LALALA,TWICE,"The year of ""YES""",1760,"k-pop, k-pop girl group, pop"
YOUNG & WILD,TWICE,"The year of ""YES""",1710,"k-pop, k-pop girl group, pop"
SUNSET,TWICE,"The year of ""YES""",70,"k-pop, k-pop girl group, pop"
Baby,Justin Bieber,My World 2.0,182027,"canadian pop, pop"
Somebody To Love,Justin Bieber,My World 2.0,220916,"canadian pop, pop"
get well soon,Ariana Grande,Sweetener,905,pop
better off,Ariana Grande,Sweetener,2504,pop
pete davidson,Ariana Grande,Sweetener,73794,pop
Gime,Danny Ocean,54+1,57140,"pop venezolano, reggaeton, trap latino, urbano latino"
Caro,Bad Bunny,X 100PRE,3621,"reggaeton, trap latino, urbano latino"
¿Cual Es Tu Plan?,Bad Bunny,¿Cual Es Tu Plan?,202,"reggaeton, trap latino, urbano latino"
Vamos Pa' la Calle,Bad Bunny,Vamos Pa' la Calle,5772,"reggaeton, trap latino, urbano latino"
SI ELLA SALE,Bad Bunny,LAS QUE NO IBAN A SALIR,97578,"reggaeton, trap latino, urbano latino"
BYE ME FUI,Bad Bunny,LAS QUE NO IBAN A SALIR,178000,"reggaeton, trap latino, urbano latino"
"SO HOT - THEBLACKLABEL REMIX BLACKPINK ARENA TOUR 2018 ""SPECIAL FINAL IN KYOCERA DOME OSAKA""",BLACKPINK,"BLACKPINK ARENA TOUR 2018 ""SPECIAL FINAL IN KYOCERA DOME OSAKA""",144166,"k-pop, k-pop girl group, pop"
Touchdown,TWICE,Page Two,202626,"k-pop, k-pop girl group, pop"
Do It Again,TWICE,The Story Begins,206546,"k-pop, k-pop girl group, pop"
BAD CON NICKY,Bad Bunny,LAS QUE NO IBAN A SALIR,24490,"reggaeton, trap latino, urbano latino"
MÁS DE UNA CITA,Bad Bunny,LAS QUE NO IBAN A SALIR,7345,"reggaeton, trap latino, urbano latino"
El Party Me Llama,Daddy Yankee,Prestige,23080,"latin hip hop, reggaeton, trap latino, urbano latino"
Noche De Entierro,Daddy Yankee,Mas Flow - Los Benjamins,263293,"latin hip hop, reggaeton, trap latino, urbano latino"
Baby Blue Love,TWICE,Taste of Love,15304,"k-pop, k-pop girl group, pop"
Four-leaf Clover,TWICE,Perfect World,227653,"k-pop, k-pop girl group, pop"
Force,TOMORROW X TOGETHER,Force,16160,"k-pop, k-pop boy group"
"Thank you, Family",TWICE,Perfect World,6404,"k-pop, k-pop girl group, pop"
PIECES OF LOVE,TWICE,Perfect World,21651,"k-pop, k-pop girl group, pop"
Peaches (feat. Daniel Caesar & Giveon),Justin Bieber,Justice,20203,"canadian pop, pop"
Yonaguni,Bad Bunny,Yonaguni,217587,"reggaeton, trap latino, urbano latino"
LO$ER=LO♡ER,TOMORROW X TOGETHER,The Chaos Chapter: FIGHT OR ESCAPE,20108,"k-pop, k-pop boy group"
Perfect World,TWICE,Perfect World,126757,"k-pop, k-pop girl group, pop"
MOA Diary (Dubaddu Wari Wari),TOMORROW X TOGETHER,The Chaos Chapter: FIGHT OR ESCAPE,29100,"k-pop, k-pop boy group"
Good at Love,TWICE,Perfect World,16292,"k-pop, k-pop girl group, pop"
I PROMISE YOU (I.P.U.) - Special Theme Track,Wanna One,0+1=1 (I PROMISE YOU),220529,"k-pop, k-pop boy group"
PROMISE,TWICE,Perfect World,494,"k-pop, k-pop girl group, pop"
0X1=LOVESONG (I Know I Love You) feat. Seori (Emocore Mix),TOMORROW X TOGETHER,The Chaos Chapter: FIGHT OR ESCAPE,218569,"k-pop, k-pop boy group"
positions,Ariana Grande,Positions,34750,pop
CHEESE,Stray Kids,NOEASY,182080,"k-pop, k-pop boy group, pop"
Thunderous,Stray Kids,NOEASY,183266,"k-pop, k-pop boy group, pop"
DOMINO,Stray Kids,NOEASY,198720,"k-pop, k-pop boy group, pop"
SSICK,Stray Kids,NOEASY,190146,"k-pop, k-pop boy group, pop"
The View,Stray Kids,NOEASY,201746,"k-pop, k-pop boy group, pop"
"Sorry, I Love You",Stray Kids,NOEASY,104120,"k-pop, k-pop boy group, pop"
Silent Cry,Stray Kids,NOEASY,209506,"k-pop, k-pop boy group, pop"
Secret Secret,Stray Kids,NOEASY,61030,"k-pop, k-pop boy group, pop"
Hello from TXT,TOMORROW X TOGETHER,TXT - Fight or Escape Commentary,19913,"k-pop, k-pop boy group"
[Commentary] LO$ER=LO♡ER,TOMORROW X TOGETHER,TXT - Fight or Escape Commentary,7248,"k-pop, k-pop boy group"
[Commentary] Anti-Romantic,TOMORROW X TOGETHER,TXT - Fight or Escape Commentary,2025,"k-pop, k-pop boy group"
[Commentary] 0X1=LOVESONG (I Know I Love You) feat. Seori,TOMORROW X TOGETHER,TXT - Fight or Escape Commentary,2231,"k-pop, k-pop boy group"
Merry & Happy,TWICE,Merry & Happy,55609,"k-pop, k-pop girl group, pop"
Star Lost,Stray Kids,NOEASY,1084,"k-pop, k-pop boy group, pop"
"Red Lights (Bang Chan, Hyunjin)",Stray Kids,NOEASY,4654,"k-pop, k-pop boy group, pop"
The Reason Why,TWICE,&TWICE,24441,"k-pop, k-pop girl group, pop"
First Time,TWICE,Taste of Love,182946,"k-pop, k-pop girl group, pop"
[Commentary] Magic,TOMORROW X TOGETHER,TXT - Fight or Escape Commentary,1215,"k-pop, k-pop boy group"
[Commentary] Ice Cream,TOMORROW X TOGETHER,TXT - Fight or Escape Commentary,2097,"k-pop, k-pop boy group"
[Commentary] What if I had been that PUMA,TOMORROW X TOGETHER,TXT - Fight or Escape Commentary,1808,"k-pop, k-pop boy group"
[Commentary] No Rules,TOMORROW X TOGETHER,TXT - Fight or Escape Commentary,417,"k-pop, k-pop boy group"
[Commentary] MOA Diary (Dubaddu Wari Wari),TOMORROW X TOGETHER,TXT - Fight or Escape Commentary,13586,"k-pop, k-pop boy group"
[Commentary] Dear Sputnik,TOMORROW X TOGETHER,TXT - Fight or Escape Commentary,1087,"k-pop, k-pop boy group"
I love you more than anyone,TWICE,"HOSPITAL PLAYLIST Season2, Pt. 4 (Original Television Soundtrack)",2002,"k-pop, k-pop girl group, pop"
[Commentary] Frost,TOMORROW X TOGETHER,TXT - Fight or Escape Commentary,12992,"k-pop, k-pop boy group"
[Commentary] 0X1=LOVESONG (I Know I Love You) feat. Seori (Emocore Mix),TOMORROW X TOGETHER,TXT - Fight or Escape Commentary,16978,"k-pop, k-pop boy group"
LIKEY - Japanese ver.,TWICE,LIKEY,3077,"k-pop, k-pop girl group, pop"
TT - Japanese ver.,TWICE,#TWICE,1220,"k-pop, k-pop girl group, pop"
CHILLAX,TWICE,Summer Nights,5835,"k-pop, k-pop girl group, pop"
Como Antes,Bad Bunny,X 100PRE,13151,"reggaeton, trap latino, urbano latino"
"Surfin’ (Lee Know, Changbin, Felix)",Stray Kids,NOEASY,191333,"k-pop, k-pop boy group, pop"
"Gone Away (HAN, Seungmin, I.N)",Stray Kids,NOEASY,51806,"k-pop, k-pop boy group, pop"
Yume wo Miteiru Aida,IZ*ONE,COLOR*IZ,0,"k-pop, k-pop girl group"
Pink Lemonade,TWICE,Wake Me Up,1095,"k-pop, k-pop girl group, pop"
motive (with Doja Cat),Ariana Grande,Positions,2870,pop
"34+35 Remix (feat. Doja Cat, Megan Thee Stallion) - Remix",Ariana Grande,Positions,1440,pop
In the summer,TWICE,Perfect World,210953,"k-pop, k-pop girl group, pop"
The Feels,TWICE,The Feels,25120,"k-pop, k-pop girl group, pop"
The Feels - The Stereotypes Remix,TWICE,The Feels,60230,"k-pop, k-pop girl group, pop"
PROBLEMA,Daddy Yankee,PROBLEMA,1558,"latin hip hop, reggaeton, trap latino, urbano latino"
Ella Me Levanto,Daddy Yankee,El Cartel: The Big Boss,48728,"latin hip hop, reggaeton, trap latino, urbano latino"
"LET IT BE〜 YOU&I〜 ONLY LOOK AT ME / ROSÉ - BLACKPINK ARENA TOUR 2018 ""SPECIAL FINAL IN KYOCERA DOME OSAKA""",BLACKPINK,"BLACKPINK ARENA TOUR 2018 ""SPECIAL FINAL IN KYOCERA DOME OSAKA""",62838,"k-pop, k-pop girl group, pop"
Wishing,TWICE,BDZ,2389,"k-pop, k-pop girl group, pop"
POLISH,TWICE,&TWICE,23,"k-pop, k-pop girl group, pop"
The Feels - YVES V Remix,TWICE,The Feels,135000,"k-pop, k-pop girl group, pop"
The Feels - Instrumental,TWICE,The Feels,198053,"k-pop, k-pop girl group, pop"
Tú no me conoces,Danny Ocean,Tú no me conoces,149787,"pop venezolano, reggaeton, trap latino, urbano latino"
0X1=LOVESONG (I Know I Love You) feat. MOD SUN,TOMORROW X TOGETHER,0X1=LOVESONG (I Know I Love You) feat. MOD SUN,1497,"k-pop, k-pop boy group"
CALL,Stray Kids,Scars / ソリクン -Japanese ver.-,3592,"k-pop, k-pop boy group, pop"
Scars,Stray Kids,Scars,21660,"k-pop, k-pop boy group, pop"
Pretty Savage - JP Ver.,BLACKPINK,Pretty Savage,49854,"k-pop, k-pop girl group, pop"
ソリクン -Japanese ver.-,Stray Kids,ソリクン -Japanese ver.-,15757,"k-pop, k-pop boy group, pop"
SCIENTIST,TWICE,Formula of Love: O+T=<3,111526,"k-pop, k-pop girl group, pop"
0X1=LOVESONG (I Know I Love You) - Japanese Ver.,TOMORROW X TOGETHER,Chaotic Wonderland,936,"k-pop, k-pop boy group"
"PUSH & PULL (JIHYO, SANA, DAHYUN)",TWICE,Formula of Love: O+T=<3,27101,"k-pop, k-pop girl group, pop"
ICON,TWICE,Formula of Love: O+T=<3,0,"k-pop, k-pop girl group, pop"
ESPRESSO,TWICE,Formula of Love: O+T=<3,9772,"k-pop, k-pop girl group, pop"
One In A Million,TWICE,Twicecoaster: Lane 1,4049,"k-pop, k-pop girl group, pop"
Christmas EveL,Stray Kids,Christmas EveL,149224,"k-pop, k-pop boy group, pop"
Lovesick Girls - JP Ver.,BLACKPINK,Lovesick Girls,280,"k-pop, k-pop girl group, pop"
24 to 25,Stray Kids,Christmas EveL,0,"k-pop, k-pop boy group, pop"
KILL THIS LOVE - JP Ver.,BLACKPINK,KILL THIS LOVE,2133,"k-pop, k-pop girl group, pop"
WHISTLE - Acoustic Ver.,BLACKPINK,SQUARE TWO,1886,"k-pop, k-pop girl group, pop"
Flatline,Justin Bieber,Journals,1350,"canadian pop, pop"
Doughnut,TWICE,Doughnut,514,"k-pop, k-pop girl group, pop"
MOONLIGHT,TWICE,Formula of Love: O+T=<3,1204,"k-pop, k-pop girl group, pop"
EYES (from “Armored Saurus”),TOMORROW X TOGETHER,EYES (from “Armored Saurus”),0,"k-pop, k-pop boy group"
Dance The Night Away - Japanese ver.,TWICE,#TWICE2,17767,"k-pop, k-pop girl group, pop"
Wonderful Day,TWICE,Doughnut,0,"k-pop, k-pop girl group, pop"
Ito,TOMORROW X TOGETHER,Ito,2428,"k-pop, k-pop boy group"
HACIENDO QUE ME AMAS,Bad Bunny,EL ÚLTIMO TOUR DEL MUNDO,13934,"reggaeton, trap latino, urbano latino"
Otra Noche en Miami,Bad Bunny,X 100PRE,0,"reggaeton, trap latino, urbano latino"
NI BIEN NI MAL,Bad Bunny,X 100PRE,0,"reggaeton, trap latino, urbano latino"
Solo de Mi,Bad Bunny,Solo de Mi,0,"reggaeton, trap latino, urbano latino"
Suki ni Nacchaudarou?,IZ*ONE,COLOR*IZ,5314,"k-pop, k-pop girl group"
We Together,IZ*ONE,COLOR*IZ,81316,"k-pop, k-pop girl group"
TRELLAS,Bad Bunny,EL ÚLTIMO TOUR DEL MUNDO,16109,"reggaeton, trap latino, urbano latino"
120,Bad Bunny,EL ÚLTIMO TOUR DEL MUNDO,920,"reggaeton, trap latino, urbano latino"
WHISTLE - Japanese Version,BLACKPINK,BLACKPINK IN YOUR AREA,847,"k-pop, k-pop girl group, pop"
BOOKER T,Bad Bunny,EL ÚLTIMO TOUR DEL MUNDO,196,"reggaeton, trap latino, urbano latino"
Stuck with U (with Justin Bieber),Ariana Grande,Stuck with U,228482,pop
Hold On,Justin Bieber,Hold On,6744,"canadian pop, pop"
"My Universe (Seungmin, I.N)",Stray Kids,IN LIFE,24079,"k-pop, k-pop boy group, pop"
Flowerbomb,Wanna One,1¹¹=1 (POWER OF DESTINY),13601,"k-pop, k-pop boy group"
Insomnia,Stray Kids,I am WHO,206426,"k-pop, k-pop boy group, pop"
Beautiful (Part.3),Wanna One,B-Side,21830,"k-pop, k-pop boy group"
ROCK,Stray Kids,I am NOT,3013,"k-pop, k-pop boy group, pop"
Charmer,Stray Kids,ODDINARY,3978,"k-pop, k-pop boy group, pop"
Lonely St.,Stray Kids,ODDINARY,326,"k-pop, k-pop boy group, pop"
MANIAC,Stray Kids,ODDINARY,182742,"k-pop, k-pop boy group, pop"
DDU-DU DDU-DU - Remix JP Ver.,BLACKPINK,DDU-DU DDU-DU,5458,"k-pop, k-pop girl group, pop"
X ÚLTIMA VEZ,Daddy Yankee,LEGENDADDY,45141,"latin hip hop, reggaeton, trap latino, urbano latino"
VENOM,Stray Kids,ODDINARY,113436,"k-pop, k-pop boy group, pop"
That Should Be Me,Justin Bieber,My World 2.0,82676,"canadian pop, pop"
FREEZE,Stray Kids,ODDINARY,585,"k-pop, k-pop boy group, pop"
Thursday's Child Has Far To Go,TOMORROW X TOGETHER,minisode 2: Thursday's Child,32445,"k-pop, k-pop boy group"
My Side,Stray Kids,I am YOU,15994,"k-pop, k-pop boy group, pop"
Después de la Playa,Bad Bunny,Un Verano Sin Ti,21200,"reggaeton, trap latino, urbano latino"
Moscow Mule,Bad Bunny,Un Verano Sin Ti,245969,"reggaeton, trap latino, urbano latino"
Ojitos Lindos,Bad Bunny,Un Verano Sin Ti,19128,"reggaeton, trap latino, urbano latino"
What You Waiting For,TWICE,&TWICE,6710,"k-pop, k-pop girl group, pop"
Jelly Jelly,TWICE,Twicecoaster: Lane 1,6047,"k-pop, k-pop girl group, pop"
REAL YOU,TWICE,Formula of Love: O+T=<3,767,"k-pop, k-pop girl group, pop"
Ghost,Justin Bieber,Justice,153251,"canadian pop, pop"
test drive,Ariana Grande,Positions,3367,pop
Tití Me Preguntó,Bad Bunny,Un Verano Sin Ti,116848,"reggaeton, trap latino, urbano latino"
"Kiss and Make Up - BLACKPINK ARENA TOUR 2018 ""SPECIAL FINAL IN KYOCERA DOME OSAKA""",BLACKPINK,"BLACKPINK ARENA TOUR 2018 ""SPECIAL FINAL IN KYOCERA DOME OSAKA""",190589,"k-pop, k-pop girl group, pop"
REALLY - Japanese Version,BLACKPINK,BLACKPINK IN YOUR AREA,12272,"k-pop, k-pop girl group, pop"
BRAND NEW GIRL,TWICE,BDZ,135559,"k-pop, k-pop girl group, pop"
Efecto,Bad Bunny,Un Verano Sin Ti,213066,"reggaeton, trap latino, urbano latino"
Party,Bad Bunny,Un Verano Sin Ti,23,"reggaeton, trap latino, urbano latino"
La Corriente,Bad Bunny,Un Verano Sin Ti,198391,"reggaeton, trap latino, urbano latino"
Me Porto Bonito,Bad Bunny,Un Verano Sin Ti,19870,"reggaeton, trap latino, urbano latino"
LA TERAPIA,Young Cister,LA TERAPIA,185012,"trap chileno, urbano chileno"
Fuera del mercado,Danny Ocean,@dannocean,159849,"pop venezolano, reggaeton, trap latino, urbano latino"
Tarot,Bad Bunny,Un Verano Sin Ti,237894,"reggaeton, trap latino, urbano latino"
PASATIEMPO,Daddy Yankee,LEGENDADDY,532,"latin hip hop, reggaeton, trap latino, urbano latino"
Neverita,Bad Bunny,Un Verano Sin Ti,173119,"reggaeton, trap latino, urbano latino"
Un Ratito,Bad Bunny,Un Verano Sin Ti,176936,"reggaeton, trap latino, urbano latino"
Aguacero,Bad Bunny,Un Verano Sin Ti,210989,"reggaeton, trap latino, urbano latino"
Enséñame a Bailar,Bad Bunny,Un Verano Sin Ti,176000,"reggaeton, trap latino, urbano latino"
Dos Mil 16,Bad Bunny,Un Verano Sin Ti,208615,"reggaeton, trap latino, urbano latino"
Otro Atardecer,Bad Bunny,Un Verano Sin Ti,97323,"reggaeton, trap latino, urbano latino"
Yo No Soy Celoso,Bad Bunny,Un Verano Sin Ti,230704,"reggaeton, trap latino, urbano latino"
El Apagón,Bad Bunny,Un Verano Sin Ti,201816,"reggaeton, trap latino, urbano latino"
Dicen,Danny Ocean,@dannocean,2596,"pop venezolano, reggaeton, trap latino, urbano latino"
Good Boy Gone Bad,TOMORROW X TOGETHER,minisode 2: Thursday's Child,191038,"k-pop, k-pop boy group"
Bitter Sweet,TWICE,Celebrate,23938,"k-pop, k-pop girl group, pop"
Celebrate,TWICE,Celebrate,188476,"k-pop, k-pop girl group, pop"
CIRCUS,Stray Kids,CIRCUS,14659,"k-pop, k-pop boy group, pop"
Mixtape : Time Out,Stray Kids,Mixtape : Time Out,2681,"k-pop, k-pop boy group, pop"
Your Eyes,Stray Kids,Your Eyes,622,"k-pop, k-pop boy group, pop"
Fairytale,Stray Kids,CIRCUS,1356,"k-pop, k-pop boy group, pop"
Silent Cry -Japanese ver.-,Stray Kids,CIRCUS,457,"k-pop, k-pop boy group, pop"
TICK TOCK,TWICE,Celebrate,5318,"k-pop, k-pop girl group, pop"
Precious Love,TWICE,Page Two,4684,"k-pop, k-pop girl group, pop"
Alcohol-Free - Japanese ver.,TWICE,#TWICE4,185,"k-pop, k-pop girl group, pop"
Valley of Lies,TOMORROW X TOGETHER,Valley of Lies,44248,"k-pop, k-pop boy group"
Agosto,Bad Bunny,Un Verano Sin Ti,139041,"reggaeton, trap latino, urbano latino"
Andrea,Bad Bunny,Un Verano Sin Ti,339611,"reggaeton, trap latino, urbano latino"
Un Verano Sin Ti,Bad Bunny,Un Verano Sin Ti,148143,"reggaeton, trap latino, urbano latino"
Me Fui de Vacaciones,Bad Bunny,Un Verano Sin Ti,180929,"reggaeton, trap latino, urbano latino"
Un Coco,Bad Bunny,Un Verano Sin Ti,196412,"reggaeton, trap latino, urbano latino"
RUMBATÓN,Daddy Yankee,LEGENDADDY,248768,"latin hip hop, reggaeton, trap latino, urbano latino"
AGUA,Daddy Yankee,LEGENDADDY,204520,"latin hip hop, reggaeton, trap latino, urbano latino"
Casi Amor De Verano,Young Cister,Casi Amor De Verano,210829,"trap chileno, urbano chileno"
Pink Venom,BLACKPINK,Pink Venom,184636,"k-pop, k-pop girl group, pop"
FOREVER YOUNG - Japanese Version,BLACKPINK,BLACKPINK IN YOUR AREA,237146,"k-pop, k-pop girl group, pop"
SEE U LATER - Japanese Version,BLACKPINK,BLACKPINK IN YOUR AREA,199933,"k-pop, k-pop girl group, pop"
DDU-DU DDU-DU - JP Ver./ BLACKPINK 2019-2020 WORLD TOUR IN YOUR AREA -TOKYO DOME-,BLACKPINK,BLACKPINK 2019-2020 WORLD TOUR IN YOUR AREA -TOKYO DOME-,1093,"k-pop, k-pop girl group, pop"
MORE & MORE (English Version),TWICE,MORE & MORE (English Version),4368,"k-pop, k-pop girl group, pop"
Talk that Talk,TWICE,BETWEEN 1&2,90057,"k-pop, k-pop girl group, pop"
Queen of Hearts,TWICE,BETWEEN 1&2,4796,"k-pop, k-pop girl group, pop"
Basics,TWICE,BETWEEN 1&2,3920,"k-pop, k-pop girl group, pop"
Trust Fund Baby,TOMORROW X TOGETHER,minisode 2: Thursday's Child,1938,"k-pop, k-pop boy group"
Lonely Boy (The tattoo on my ring finger),TOMORROW X TOGETHER,minisode 2: Thursday's Child,0,"k-pop, k-pop boy group"
Yeah Yeah Yeah,BLACKPINK,BORN PINK,0,"k-pop, k-pop girl group, pop"
Hard to Love,BLACKPINK,BORN PINK,3038,"k-pop, k-pop girl group, pop"
The Happiest Girl,BLACKPINK,BORN PINK,13636,"k-pop, k-pop girl group, pop"
Tally,BLACKPINK,BORN PINK,2258,"k-pop, k-pop girl group, pop"
Typa Girl,BLACKPINK,BORN PINK,1541,"k-pop, k-pop girl group, pop"
Shut Down,BLACKPINK,BORN PINK,35591,"k-pop, k-pop girl group, pop"
Ready For Love,BLACKPINK,BORN PINK,184677,"k-pop, k-pop girl group, pop"
CHILL,Stray Kids,MAXIDENT,39687,"k-pop, k-pop boy group, pop"
HEYDAY (Prod. Czaer),Stray Kids,Street Man Fighter Original Vol.4 (Crew Songs),144773,"k-pop, k-pop boy group, pop"
Daydreamin',Ariana Grande,Yours Truly,46049,pop
CASE 143,Stray Kids,MAXIDENT,81475,"k-pop, k-pop boy group, pop"
FAM (Korean Ver.),Stray Kids,SKZ-REPLAY,16463,"k-pop, k-pop boy group, pop"
Sugar Rush Ride,TOMORROW X TOGETHER,The Name Chapter: TEMPTATION,186570,"k-pop, k-pop boy group"
MOONLIGHT SUNRISE,TWICE,MOONLIGHT SUNRISE,180320,"k-pop, k-pop girl group, pop"
Caile,Bad Bunny,Caile,40167,"reggaeton, trap latino, urbano latino"
Intentions (feat. Quavo),Justin Bieber,Changes,0,"canadian pop, pop"
Beautiful Love - Free Fire,Justin Bieber,Beautiful Love,30373,"canadian pop, pop"
Honest (feat. Don Toliver),Justin Bieber,Honest,27750,"canadian pop, pop"
Holy (feat. Chance The Rapper),Justin Bieber,Holy,56773,"canadian pop, pop"
Red Eye (feat. TroyBoi),Justin Bieber,Justice - The Complete Edition,17691,"canadian pop, pop"
La Combi Completa (Live),Daddy Yankee,"2K20, Pt. 2 (Live)",169846,"latin hip hop, reggaeton, trap latino, urbano latino"
SET ME FREE,TWICE,READY TO BE,181680,"k-pop, k-pop girl group, pop"
SET ME FREE (ENG),TWICE,READY TO BE,8966,"k-pop, k-pop girl group, pop"
THE SOUND,Stray Kids,THE SOUND,180733,"k-pop, k-pop boy group, pop"
Battle Ground,Stray Kids,THE SOUND,17981,"k-pop, k-pop boy group, pop"
GOT THE THRILLS,TWICE,READY TO BE,1122,"k-pop, k-pop girl group, pop"
BLAME IT ON ME,TWICE,READY TO BE,113758,"k-pop, k-pop girl group, pop"
Lost Me,Stray Kids,THE SOUND,12852,"k-pop, k-pop boy group, pop"
Stars and Raindrops (Seungmin),Stray Kids,SKZ-REPLAY,229120,"k-pop, k-pop boy group, pop"
Hug Me (I.N),Stray Kids,SKZ-REPLAY,93600,"k-pop, k-pop boy group, pop"
#LoveSTAY,Stray Kids,SKZ-REPLAY,197480,"k-pop, k-pop boy group, pop"
"ZONE (Bang Chan, Changbin, HAN)",Stray Kids,SKZ-REPLAY,108519,"k-pop, k-pop boy group, pop"
Close (HAN),Stray Kids,SKZ-REPLAY,168555,"k-pop, k-pop boy group, pop"
HIBIKI,Bad Bunny,nadie sabe lo que va a pasar mañana,165957,"reggaeton, trap latino, urbano latino"
LALALALA,Stray Kids,ROCK-STAR,182224,"k-pop, k-pop boy group, pop"
BLIND SPOT,Stray Kids,ROCK-STAR,84718,"k-pop, k-pop boy group, pop"
WHERE SHE GOES,Bad Bunny,WHERE SHE GOES,231704,"reggaeton, trap latino, urbano latino"
N/S,Stray Kids,I am YOU,224042,"k-pop, k-pop boy group, pop"
Do It Like That,TOMORROW X TOGETHER,The Name Chapter: FREEFALL,11210,"k-pop, k-pop boy group"
Back for More (with Anitta),TOMORROW X TOGETHER,Back for More (with Anitta),50818,"k-pop, k-pop boy group"
Back for More (with Anitta) (Performance Ver.),TOMORROW X TOGETHER,Back for More (with Anitta),172438,"k-pop, k-pop boy group"
NO ME QUIERO CASAR,Bad Bunny,nadie sabe lo que va a pasar mañana,225654,"reggaeton, trap latino, urbano latino"
PERRO NEGRO,Bad Bunny,nadie sabe lo que va a pasar mañana,162767,"reggaeton, trap latino, urbano latino"
UN PREVIEW,Bad Bunny,nadie sabe lo que va a pasar mañana,165582,"reggaeton, trap latino, urbano latino"
LA DROGA,Bad Bunny,EL ÚLTIMO TOUR DEL MUNDO,25229,"reggaeton, trap latino, urbano latino"
Hare Hare,TWICE,Hare Hare,203546,"k-pop, k-pop girl group, pop"
Social Path,Stray Kids,Social Path,198786,"k-pop, k-pop boy group, pop"
FINA,Bad Bunny,nadie sabe lo que va a pasar mañana,216327,"reggaeton, trap latino, urbano latino"
No Es Culpa Mía,Daddy Yankee,Talento de Barrio,7824,"latin hip hop, reggaeton, trap latino, urbano latino"
ITEM,Stray Kids,5-STAR,18,"k-pop, k-pop boy group, pop"
GET LIT,Stray Kids,5-STAR,171000,"k-pop, k-pop boy group, pop"
Maknae On Top (I.N),Stray Kids,SKZ-REPLAY,153452,"k-pop, k-pop boy group, pop"
"Muddy Water (Changbin, Hyunjin, HAN, Felix)",Stray Kids,ODDINARY,197360,"k-pop, k-pop boy group, pop"
SUPER BOARD,Stray Kids,MAXIDENT,185960,"k-pop, k-pop boy group, pop"
DLC,Stray Kids,5-STAR,4804,"k-pop, k-pop boy group, pop"
Give Me Your TMI,Stray Kids,MAXIDENT,3751,"k-pop, k-pop boy group, pop"
I GOT YOU,TWICE,I GOT YOU,173240,"k-pop, k-pop girl group, pop"
I GOT YOU (Instrumental),TWICE,I GOT YOU,9430,"k-pop, k-pop girl group, pop"
MONACO,Bad Bunny,nadie sabe lo que va a pasar mañana,267194,"reggaeton, trap latino, urbano latino"
"yes, and?",Ariana Grande,"yes, and?",211440,pop
"1, 3, 2 (JEONGYEON, MINA, TZUYU)",TWICE,Formula of Love: O+T=<3,2333,"k-pop, k-pop girl group, pop"
NADIE SABE,Bad Bunny,nadie sabe lo que va a pasar mañana,7026,"reggaeton, trap latino, urbano latino"
THUNDER Y LIGHTNING,Bad Bunny,nadie sabe lo que va a pasar mañana,32700,"reggaeton, trap latino, urbano latino"
sol & prada,Young Cister,PLANES DE MEDIANOCHE,1672,"trap chileno, urbano chileno"
CON LOS AROS 22,Young Cister,PLANES DE MEDIANOCHE,1142,"trap chileno, urbano chileno"
Somebody To Love Remix,Justin Bieber,Never Say Never - The Remixes,341608,"canadian pop, pop"
Love Me,Justin Bieber,My World,191573,"canadian pop, pop"
humoOo,Young Cister,PLANES DE MEDIANOCHE,178831,"trap chileno, urbano chileno"
MR. OCTOBER,Bad Bunny,nadie sabe lo que va a pasar mañana,189258,"reggaeton, trap latino, urbano latino"
CYBERTRUCK,Bad Bunny,nadie sabe lo que va a pasar mañana,191959,"reggaeton, trap latino, urbano latino"
VOU 787,Bad Bunny,nadie sabe lo que va a pasar mañana,123643,"reggaeton, trap latino, urbano latino"
SEDA,Bad Bunny,nadie sabe lo que va a pasar mañana,190476,"reggaeton, trap latino, urbano latino"
GRACIAS POR NADA,Bad Bunny,nadie sabe lo que va a pasar mañana,177450,"reggaeton, trap latino, urbano latino"
TELEFONO NUEVO,Bad Bunny,nadie sabe lo que va a pasar mañana,305650,"reggaeton, trap latino, urbano latino"
TE DESEO LO MEJOR,Bad Bunny,EL ÚLTIMO TOUR DEL MUNDO,27498,"reggaeton, trap latino, urbano latino"
BABY NUEVA,Bad Bunny,nadie sabe lo que va a pasar mañana,240773,"reggaeton, trap latino, urbano latino"
ONE SPARK,TWICE,With YOU-th,218998,"k-pop, k-pop girl group, pop"
COMFLEX,Stray Kids,ROCK-STAR,172320,"k-pop, k-pop boy group, pop"
Cover Me,Stray Kids,ROCK-STAR,31107,"k-pop, k-pop boy group, pop"
Leave,Stray Kids,ROCK-STAR,18,"k-pop, k-pop boy group, pop"
Hero's Soup,Stray Kids,I am YOU,212481,"k-pop, k-pop boy group, pop"
Tinnitus (Wanna be a rock),TOMORROW X TOGETHER,The Name Chapter: TEMPTATION,157261,"k-pop, k-pop boy group"
HASTA LA LUNA,Young Cister,PLANES DE MEDIANOCHE,9198,"trap chileno, urbano chileno"
Hennessy,Young Cister,PLANES DE MEDIANOCHE,572,"trap chileno, urbano chileno"
El Ritmo No Perdona - Bonus Track (Bonus Track),Daddy Yankee,Mundial (Deluxe Version),0,"latin hip hop, reggaeton, trap latino, urbano latino"
Impacto (Remix) [feat. Fergie] (Remix),Daddy Yankee,El Cartel: The Big Boss,207586,"latin hip hop, reggaeton, trap latino, urbano latino"
I GOT YOU (Original),TWICE,I GOT YOU (Voyage ver.),2120,"k-pop, k-pop girl group, pop"
BATICANO,Bad Bunny,nadie sabe lo que va a pasar mañana,256000,"reggaeton, trap latino, urbano latino"
MEGAVERSE,Stray Kids,ROCK-STAR,185520,"k-pop, k-pop boy group, pop"
Happily Ever After,TOMORROW X TOGETHER,The Name Chapter: FREEFALL,28299,"k-pop, k-pop boy group"
WHY?,Stray Kids,WHY?,228266,"k-pop, k-pop boy group, pop"
Lose My Breath (Feat. Charlie Puth),Stray Kids,Lose My Breath (Feat. Charlie Puth),166913,"k-pop, k-pop boy group, pop"
I’ll See You There Tomorrow,TOMORROW X TOGETHER,minisode 3: TOMORROW,196693,"k-pop, k-pop boy group"
Chasing That Feeling,TOMORROW X TOGETHER,The Name Chapter: FREEFALL,11631,"k-pop, k-pop boy group"
Impacto,Daddy Yankee,El Cartel: The Big Boss,280160,"latin hip hop, reggaeton, trap latino, urbano latino"
REGALONA,Young Cister,REGALONA,22932,"trap chileno, urbano chileno"
Gone,TWICE,BETWEEN 1&2,2340,"k-pop, k-pop girl group, pop"
Sábado Rebelde,Daddy Yankee,Sábado Rebelde,5612,"latin hip hop, reggaeton, trap latino, urbano latino"
DLMLU,Stray Kids,THE SOUND,194760,"k-pop, k-pop boy group, pop"
Novel,Stray Kids,THE SOUND,188853,"k-pop, k-pop boy group, pop"
CASE 143 -Japanese ver.-,Stray Kids,THE SOUND,20793,"k-pop, k-pop boy group, pop"
Hall of Fame,Stray Kids,5-STAR,171026,"k-pop, k-pop boy group, pop"
S-Class,Stray Kids,5-STAR,195688,"k-pop, k-pop boy group, pop"
Super Bowl,Stray Kids,5-STAR,211651,"k-pop, k-pop boy group, pop"
TOPLINE (Feat. Tiger JK),Stray Kids,5-STAR,203546,"k-pop, k-pop boy group, pop"
Collision,Stray Kids,5-STAR,60003,"k-pop, k-pop boy group, pop"
Catch a Wave,TWICE,Hare Hare,12260,"k-pop, k-pop girl group, pop"
FNF,Stray Kids,5-STAR,171680,"k-pop, k-pop boy group, pop"
Youtiful,Stray Kids,5-STAR,209280,"k-pop, k-pop boy group, pop"
THE SOUND (Korean Ver.),Stray Kids,5-STAR,47540,"k-pop, k-pop boy group, pop"
Hare Hare - Instrumental,TWICE,Hare Hare,10116,"k-pop, k-pop girl group, pop"
君じゃない誰かの愛し方 (Ring),TOMORROW X TOGETHER,君じゃない誰かの愛し方 (Ring),1850,"k-pop, k-pop boy group"
There,Stray Kids,THE SOUND,1240,"k-pop, k-pop boy group, pop"
Free Falling,TOMORROW X TOGETHER,Free Falling,23869,"k-pop, k-pop boy group"
Devil by the Window,TOMORROW X TOGETHER,The Name Chapter: TEMPTATION,186471,"k-pop, k-pop boy group"
"Farewell, Neverland",TOMORROW X TOGETHER,The Name Chapter: TEMPTATION,180676,"k-pop, k-pop boy group"
DEBI LLEVARTE FLORES,Young Cister,THE LIFE OF XULO,200572,"trap chileno, urbano chileno"
Step On Up,Ariana Grande,Dangerous Woman,92053,pop
Jason's Song (Gave It Away),Ariana Grande,Dangerous Woman,4709,pop
THE GIRLS - BLACKPINK THE GAME OST,BLACKPINK,THE GIRLS,162000,"k-pop, k-pop girl group, pop"
OH LA LA,Young Cister,LO MAS XULO DE TU INSTA,164210,"trap chileno, urbano chileno"
SAMURAI,Young Cister,THE LIFE OF XULO,600719,"trap chileno, urbano chileno"
SORRY PAPI,Bad Bunny,EL ÚLTIMO TOUR DEL MUNDO,8849,"reggaeton, trap latino, urbano latino"
LA TERAPIA REMIX,Young Cister,LA TERAPIA REMIX,10026,"trap chileno, urbano chileno"
Back for More (TXT Ver.),TOMORROW X TOGETHER,Back for More (More Edition),632,"k-pop, k-pop boy group"
Back for More (with Anitta) (House Remix),TOMORROW X TOGETHER,Back for More (More Edition),24187,"k-pop, k-pop boy group"
Volare,Danny Ocean,@dannocean,147598,"pop venezolano, reggaeton, trap latino, urbano latino"
MERCEDES CAROTA,Bad Bunny,nadie sabe lo que va a pasar mañana,27473,"reggaeton, trap latino, urbano latino"
Growing Pain,TOMORROW X TOGETHER,The Name Chapter: FREEFALL,51053,"k-pop, k-pop boy group"
La Señal,Daddy Yankee,Mundial (Deluxe Version),7445,"latin hip hop, reggaeton, trap latino, urbano latino"
Social Path (Feat. LiSA) (Korean Ver.),Stray Kids,ROCK-STAR,197267,"k-pop, k-pop boy group, pop"
LALALALA (Rock Ver.),Stray Kids,ROCK-STAR,16575,"k-pop, k-pop boy group, pop"
De la Paz y de la Guerra,Daddy Yankee,Talento de Barrio,17465,"latin hip hop, reggaeton, trap latino, urbano latino"
Lose My Breath (Stray Kids Ver.),Stray Kids,Lose My Breath (Remixes),166913,"k-pop, k-pop boy group, pop"
DIFERENTE.,Young Cister,DIFERENTE.,6944,"trap chileno, urbano chileno"
I CAN’T STOP ME (feat. BOYS LIKE GIRLS),TWICE,THE REMIXES,206400,"k-pop, k-pop girl group, pop"
Chk Chk Boom,Stray Kids,ATE,194163,"k-pop, k-pop boy group, pop"
por la pequeña Venecia,Danny Ocean,venequia.,12823,"pop venezolano, reggaeton, trap latino, urbano latino"
miau,Young Cister,miau,185972,"trap chileno, urbano chileno"
we can't be friends (wait for your love),Ariana Grande,eternal sunshine,1990,pop
the boy is mine,Ariana Grande,eternal sunshine,173639,pop
Dreamer,TOMORROW X TOGETHER,The Name Chapter: FREEFALL,3580,"k-pop, k-pop boy group"
Deep Down,TOMORROW X TOGETHER,The Name Chapter: FREEFALL,1690,"k-pop, k-pop boy group"
Skipping Stones,TOMORROW X TOGETHER,The Name Chapter: FREEFALL,420,"k-pop, k-pop boy group"
Blue Spring,TOMORROW X TOGETHER,The Name Chapter: FREEFALL,2630,"k-pop, k-pop boy group"
Chasing That Feeling (English Ver. – Digital Only),TOMORROW X TOGETHER,The Name Chapter: FREEFALL,860,"k-pop, k-pop boy group"
Back for More (with Anitta) (Afrobeats Remix),TOMORROW X TOGETHER,Back for More (More Edition),140,"k-pop, k-pop boy group"
Do It Like That (Jax Jones Remix),TOMORROW X TOGETHER,Do It Like That (Jax Jones Remix),6840,"k-pop, k-pop boy group"
Happy Fools (feat. Coi Leray),TOMORROW X TOGETHER,The Name Chapter: TEMPTATION,1250,"k-pop, k-pop boy group"
Opening Sequence,TOMORROW X TOGETHER,minisode 2: Thursday's Child,1680,"k-pop, k-pop boy group"
MOA Diary (Dubaddu Wari Wari) - Japanese Ver.,TOMORROW X TOGETHER,Chaotic Wonderland,3330,"k-pop, k-pop boy group"
Más Risa Menos Pena <3,Matt Hunter,Más Risa Menos Pena <3,946,latin pop
misteriosa (xulinho),Young Cister,misteriosa (xulinho),5639,"trap chileno, urbano chileno"
CHICAS COMO TU,Young Cister,THE LIFE OF XULO,11350,"trap chileno, urbano chileno"
SLASH (From “Deadpool & Wolverine”),Stray Kids,SLASH (From “Deadpool & Wolverine”),191626,"k-pop, k-pop boy group, pop"
Chk Chk Boom (Deadeye Ver.),Stray Kids,Chk Chk Boom (Remixes),12271,"k-pop, k-pop boy group, pop"
MOUNTAINS,Stray Kids,ATE,187545,"k-pop, k-pop boy group, pop"
JJAM,Stray Kids,ATE,185527,"k-pop, k-pop boy group, pop"
I Like It,Stray Kids,ATE,148632,"k-pop, k-pop boy group, pop"
Runners,Stray Kids,ATE,196684,"k-pop, k-pop boy group, pop"
twilight,Stray Kids,ATE,192777,"k-pop, k-pop boy group, pop"
Stray Kids,Stray Kids,ATE,189050,"k-pop, k-pop boy group, pop"
Chk Chk Boom (Festival Ver.),Stray Kids,ATE,105676,"k-pop, k-pop boy group, pop"
Lose My Breath (Feat. Charlie Puth) (Instrumental),Stray Kids,Lose My Breath (Feat. Charlie Puth),0,"k-pop, k-pop boy group, pop"
NO ES AMOR,Danny Ocean,@dannocean,8490,"pop venezolano, reggaeton, trap latino, urbano latino"
40 GRADOS EN LA CIUDAD,Young Cister,THE LIFE OF XULO,9031,"trap chileno, urbano chileno"
Una Velita,Bad Bunny,Una Velita,218000,"reggaeton, trap latino, urbano latino"
Perfecta,Young Cister,PLANES DE MEDIANOCHE,1301,"trap chileno, urbano chileno"
PUERTO ESCONDIDO,Young Cister,PLANES DE MEDIANOCHE,681,"trap chileno, urbano chileno"
RICO,Young Cister,PLANES DE MEDIANOCHE,0,"trap chileno, urbano chileno"
CAPRIXOS,Young Cister,PLANES DE MEDIANOCHE,43044,"trap chileno, urbano chileno"
graciaaas :),Young Cister,PLANES DE MEDIANOCHE,0,"trap chileno, urbano chileno"
Vivo Cabrón,Young Cister,PLANES DE MEDIANOCHE,2565,"trap chileno, urbano chileno"
DOLCE,Young Cister,DOLCE,242006,"trap chileno, urbano chileno"
FIDEOS AFTER PARTY,Young Cister,THE LIFE OF XULO,156378,"trap chileno, urbano chileno"
Duro (feat. MC Buzzz),Young Cister,Duro (feat. MC Buzzz),56093,"trap chileno, urbano chileno"
Ay Dime,Young Cister,Ay Dime,187497,"trap chileno, urbano chileno"
SEROTONINA,Young Cister,THE LIFE OF XULO,82057,"trap chileno, urbano chileno"
janeiro,Young Cister,janeiro,22390,"trap chileno, urbano chileno"
Bellaka,Young Cister,PLANES DE MEDIANOCHE,7937,"trap chileno, urbano chileno"
Come Play (from the series Arcane League of Legends),Stray Kids,Come Play (from the series Arcane League of Legends),161666,"k-pop, k-pop boy group, pop"
2 Much,Justin Bieber,Justice,1910,"canadian pop, pop"
Deserve You,Justin Bieber,Justice,1750,"canadian pop, pop"
As I Am (feat. Khalid),Justin Bieber,Justice,1270,"canadian pop, pop"
Off My Face,Justin Bieber,Justice,6610,"canadian pop, pop"
Christmas Love,Stray Kids,GIANT,186200,"k-pop, k-pop boy group, pop"
Over The Moon,TOMORROW X TOGETHER,The Star Chapter: SANCTUARY (Expanded Edition),1161,"k-pop, k-pop boy group"
Chk Chk Boom -Japanese ver.-,Stray Kids,GIANT,27069,"k-pop, k-pop boy group, pop"
Look At Me,TWICE,Twicetagram,193146,"k-pop, k-pop girl group, pop"
Heaven,TOMORROW X TOGETHER,The Star Chapter: SANCTUARY (Expanded Edition),90013,"k-pop, k-pop boy group"
bye,Ariana Grande,eternal sunshine,1450,pop
intro (end of the world),Ariana Grande,eternal sunshine,92400,pop
Imagínate,Danny Ocean,Imagínate,24883,"pop venezolano, reggaeton, trap latino, urbano latino"
eternal sunshine,Ariana Grande,eternal sunshine,210200,pop
GIANT,Stray Kids,GIANT,0,"k-pop, k-pop boy group, pop"
NIGHT,Stray Kids,GIANT,175893,"k-pop, k-pop boy group, pop"
Falling Up,Stray Kids,GIANT,62905,"k-pop, k-pop boy group, pop"
Good Boy Gone Bad - Japanese Ver.,TOMORROW X TOGETHER,SWEET,60000,"k-pop, k-pop boy group"
Higher Than Heaven,TOMORROW X TOGETHER,The Star Chapter: SANCTUARY (Expanded Edition),3406,"k-pop, k-pop boy group"
ひとりの夜 (Hitori no Yoru),TOMORROW X TOGETHER,SWEET,2730,"k-pop, k-pop boy group"
君じゃない誰かの愛し方 (Ring) - Unplugged Ver.,TOMORROW X TOGETHER,SWEET,1450,"k-pop, k-pop boy group"
Outro : FALLING,TOMORROW X TOGETHER,SWEET,1650,"k-pop, k-pop boy group"
紫陽花のような恋 (Hydrangea Love),TOMORROW X TOGETHER,紫陽花のような恋 (Hydrangea Love),1020,"k-pop, k-pop boy group"
Sugar Rush Ride - Japanese Ver.,TOMORROW X TOGETHER,Sugar Rush Ride,2200,"k-pop, k-pop boy group"
estar con un G,Young Cister,XULOS SOCIAL CLUB,750,"trap chileno, urbano chileno"
Love Story,TOMORROW X TOGETHER,Love Story [The Seasons: Rainbow of Lee Young Ji],1772,"k-pop, k-pop boy group"
Super Bowl -Japanese ver.-,Stray Kids,Super Bowl -Japanese ver.-,13030,"k-pop, k-pop boy group, pop"
Butterflies,Stray Kids,Social Path / Super Bowl -Japanese ver.-,190706,"k-pop, k-pop boy group, pop"
CHILL -Japanese ver.-,Stray Kids,THE SOUND,2560,"k-pop, k-pop boy group, pop"
Connected (Bang Chan),Stray Kids,SKZ-REPLAY,770,"k-pop, k-pop boy group, pop"
Limbo (Lee Know),Stray Kids,SKZ-REPLAY,2660,"k-pop, k-pop boy group, pop"
DOODLE (Changbin),Stray Kids,SKZ-REPLAY,1030,"k-pop, k-pop boy group, pop"
Love Untold (Hyunjin),Stray Kids,SKZ-REPLAY,860,"k-pop, k-pop boy group, pop"
RUN (HAN),Stray Kids,SKZ-REPLAY,920,"k-pop, k-pop boy group, pop"
Deep end (Felix),Stray Kids,SKZ-REPLAY,730,"k-pop, k-pop boy group, pop"
Streetlight (Changbin),Stray Kids,SKZ-REPLAY,840,"k-pop, k-pop boy group, pop"
i hate to admit (Bang Chan),Stray Kids,SKZ-REPLAY,1080,"k-pop, k-pop boy group, pop"
I GOT IT (HAN),Stray Kids,SKZ-REPLAY,860,"k-pop, k-pop boy group, pop"
miss you (Hyunjin),Stray Kids,SKZ-REPLAY,1000,"k-pop, k-pop boy group, pop"
Alien (HAN),Stray Kids,SKZ-REPLAY,1220,"k-pop, k-pop boy group, pop"
"Because (Changbin, Felix)",Stray Kids,SKZ-REPLAY,1000,"k-pop, k-pop boy group, pop"
"Piece of a Puzzle (Changbin, Seungmin)",Stray Kids,SKZ-REPLAY,670,"k-pop, k-pop boy group, pop"
Wish You Back (HAN),Stray Kids,SKZ-REPLAY,1060,"k-pop, k-pop boy group, pop"
HaPpY (HAN),Stray Kids,SKZ-REPLAY,6640,"k-pop, k-pop boy group, pop"
Saiyan,Stray Kids,GIANT,219546,"k-pop, k-pop boy group, pop"
愛をくれたのに、なぜ,Stray Kids,GIANT,45453,"k-pop, k-pop boy group, pop"
piel x piel,Young Cister,XULOS SOCIAL CLUB,184800,"trap chileno, urbano chileno"
trappin como pablo,Young Cister,XULOS SOCIAL CLUB,1240,"trap chileno, urbano chileno"
Strategy (feat. Megan Thee Stallion),TWICE,STRATEGY,201760,"k-pop, k-pop girl group, pop"
Walkin On Water,Stray Kids,HOP,148810,"k-pop, k-pop boy group, pop"
U (Feat. TABLO),Stray Kids,HOP,163520,"k-pop, k-pop boy group, pop"
